time,shoulder_rad,elbow_rad
0.00200,-0.00594,0.01665
0.00400,-0.01127,0.03173
0.00600,-0.01594,0.04507
0.00800,-0.01989,0.05656
0.01000,-0.02310,0.06615
0.01200,-0.02555,0.07380
0.01400,-0.02725,0.07955
0.01600,-0.02822,0.08344
0.01800,-0.02846,0.08557
0.02000,-0.02804,0.08605
0.02200,-0.02699,0.08503
0.02400,-0.02537,0.08268
0.02600,-0.02324,0.07918
0.02800,-0.02067,0.07472
0.03000,-0.01773,0.06951
0.03200,-0.01450,0.06376
0.03400,-0.01104,0.05768
0.03600,-0.00745,0.05148
0.03800,-0.00378,0.04536
0.04000,-0.00011,0.03952
0.04200,0.00349,0.03413
0.04400,0.00114,0.04547
0.04600,-0.00614,0.07058
0.04800,-0.01270,0.09371
0.05000,-0.01846,0.11469
0.05200,-0.02337,0.13339
0.05400,-0.02739,0.14972
0.05600,-0.03050,0.16366
0.05800,-0.03272,0.17526
0.06000,-0.03405,0.18458
0.06200,-0.03454,0.19172
0.06400,-0.03421,0.19682
0.06600,-0.03313,0.20006
0.06800,-0.03136,0.20162
0.07000,-0.02897,0.20171
0.07200,-0.02605,0.20055
0.07400,-0.02266,0.19837
0.07600,-0.01890,0.19542
0.07800,-0.01486,0.19194
0.08000,-0.01062,0.18817
0.08200,-0.00627,0.18434
0.08400,-0.00189,0.18068
0.08600,0.00245,0.17741
0.08800,0.00075,0.19090
0.09000,-0.00596,0.21818
0.09200,-0.01195,0.24351
0.09400,-0.01716,0.26676
0.09600,-0.02157,0.28784
0.09800,-0.02514,0.30673
0.10000,-0.02788,0.32344
0.10200,-0.02978,0.33802
0.10400,-0.03088,0.35055
0.10600,-0.03121,0.36115
0.10800,-0.03080,0.36995
0.11000,-0.02972,0.37709
0.11200,-0.02801,0.38276
0.11400,-0.02574,0.38712
0.11600,-0.02299,0.39038
0.11800,-0.01981,0.39272
0.12000,-0.01630,0.39436
0.12200,-0.01252,0.39548
0.12400,-0.00855,0.39631
0.12600,-0.00446,0.39703
0.12800,-0.00034,0.39784
0.13000,0.00376,0.39892
0.13200,0.00198,0.41564
0.13400,-0.00469,0.44520
0.13600,-0.01066,0.47290
0.13800,-0.01589,0.49865
0.14000,-0.02034,0.52241
0.14200,-0.02401,0.54417
0.14400,-0.02688,0.56396
0.14600,-0.02898,0.58184
0.14800,-0.03030,0.59789
0.15000,-0.03090,0.61219
0.15200,-0.03079,0.62486
0.15400,-0.03002,0.63603
0.15600,-0.02865,0.64582
0.15800,-0.02671,0.65438
0.16000,-0.02428,0.66186
0.16200,-0.02141,0.66842
0.16400,-0.01816,0.67420
0.16600,-0.01460,0.67937
0.16800,-0.01080,0.68408
0.17000,-0.00682,0.68850
0.17200,-0.00272,0.69277
0.17400,0.00143,0.69705
0.17600,-0.00007,0.71472
0.17800,-0.00127,0.73174
0.18000,-0.00217,0.74811
0.18200,-0.00277,0.76384
0.18400,-0.00309,0.77896
0.18600,-0.00314,0.79351
0.18800,-0.00292,0.80752
0.19000,-0.00245,0.82103
0.19200,-0.00176,0.83409
0.19400,-0.00085,0.84674
0.19600,0.00024,0.85904
0.19800,-0.00369,0.88220
0.20000,-0.00717,0.90433
0.20200,-0.01017,0.92542
0.20400,-0.01268,0.94547
0.20600,-0.01470,0.96449
0.20800,-0.01622,0.98251
0.21000,-0.01726,0.99954
0.21200,-0.01783,1.01565
0.21400,-0.01794,1.03087
0.21600,-0.01760,1.04525
0.21800,-0.01685,1.05887
0.22000,-0.01572,1.07176
0.22200,-0.01422,1.08402
0.22400,-0.01240,1.09569
0.22600,-0.01030,1.10685
0.22800,-0.00793,1.11757
0.23000,-0.00536,1.12792
0.23200,-0.00260,1.13796
0.23400,0.00029,1.14778
0.23600,-0.00201,1.16653
0.23800,-0.00399,1.18467
0.24000,-0.00564,1.20220
0.24200,-0.00695,1.21912
0.24400,-0.00793,1.23545
0.24600,-0.00857,1.25120
0.24800,-0.00888,1.26639
0.25000,-0.00887,1.28104
0.25200,-0.00856,1.29520
0.25400,-0.00796,1.30887
0.25600,-0.00709,1.32211
0.25800,-0.00596,1.33494
0.26000,-0.00460,1.34739
0.26200,-0.00303,1.35951
0.26400,-0.00128,1.37133
0.26600,0.00062,1.38288
0.26800,-0.00243,1.40095
0.27000,-0.00517,1.41848
0.27200,-0.00756,1.43546
0.27400,-0.00959,1.45190
0.27600,-0.01126,1.46779
0.27800,-0.01256,1.48314
0.28000,-0.01349,1.49797
0.28200,-0.01405,1.51228
0.28400,-0.01425,1.52610
0.28600,-0.01409,1.53945
0.28800,-0.01360,1.55234
0.29000,-0.01278,1.56481
0.29200,-0.01166,1.57689
0.29400,-0.01026,1.58859
0.29600,-0.00860,1.59994
0.29800,-0.00671,1.61098
0.30000,-0.00462,1.62173
0.30200,-0.00236,1.63223
0.30400,0.00005,1.64249
0.30600,-0.00261,1.65702
0.30800,-0.00498,1.67117
0.31000,-0.00705,1.68494
0.31200,-0.00881,1.69831
0.31400,-0.01025,1.71130
0.31600,-0.01136,1.72391
0.31800,-0.01214,1.73615
0.32000,-0.01260,1.74802
0.32200,-0.01272,1.75955
0.32400,-0.01254,1.77073
0.32600,-0.01204,1.78158
0.32800,-0.01126,1.79213
0.33000,-0.01020,1.80237
0.33200,-0.00890,1.81234
0.33400,-0.00736,1.82204
0.33600,-0.00561,1.83149
0.33800,-0.00369,1.84071
0.34000,-0.00161,1.84970
0.34200,0.00059,1.85849
0.34400,-0.00227,1.86962
0.34600,-0.00486,1.88044
0.34800,-0.00716,1.89098
0.35000,-0.00916,1.90121
0.35200,-0.01085,1.91116
0.35400,-0.01220,1.92082
0.35600,-0.01323,1.93019
0.35800,-0.01391,1.93928
0.36000,-0.01427,1.94810
0.36200,-0.01429,1.95666
0.36400,-0.01400,1.96497
0.36600,-0.01339,1.97302
0.36800,-0.01250,1.98084
0.37000,-0.01133,1.98843
0.37200,-0.00991,1.99579
0.37400,-0.00827,2.00294
0.37600,-0.00643,2.00989
0.37800,-0.00441,2.01663
0.38000,-0.00225,2.02319
0.38200,0.00002,2.02956
0.38400,-0.00293,2.03685
0.38600,-0.00562,2.04392
0.38800,-0.00802,2.05076
0.39000,-0.01011,2.05738
0.39200,-0.01188,2.06378
0.39400,-0.01330,2.06996
0.39600,-0.01439,2.07594
0.39800,-0.01512,2.08171
0.40000,-0.01551,2.08728
0.40200,-0.01555,2.09266
0.40400,-0.01527,2.09784
0.40600,-0.01467,2.10284
0.40800,-0.01376,2.10766
0.41000,-0.01257,2.11229
0.41200,-0.01113,2.11675
0.41400,-0.00945,2.12104
0.41600,-0.00757,2.12516
0.41800,-0.00551,2.12911
0.42000,-0.00331,2.13289
0.42200,-0.00100,2.13650
0.42400,0.00139,2.13996
0.42600,-0.00143,2.14344
0.42800,-0.00402,2.14675
0.43000,-0.00634,2.14989
0.43200,-0.00837,2.15287
0.43400,-0.01010,2.15569
0.43600,-0.01151,2.15835
0.43800,-0.01260,2.16086
0.44000,-0.01336,2.16321
0.44200,-0.01379,2.16542
0.44400,-0.01390,2.16749
0.44600,-0.01370,2.16941
0.44800,-0.01320,2.17119
0.45000,-0.01241,2.17284
0.45200,-0.01136,2.17434
0.45400,-0.01006,2.17570
0.45600,-0.00855,2.17692
0.45800,-0.00683,2.17800
0.46000,-0.00496,2.17895
0.46200,-0.00295,2.17975
0.46400,-0.00083,2.18041
0.46600,0.00137,2.18092
0.46800,-0.00165,2.18117
0.47000,-0.00441,2.18128
0.47200,-0.00689,2.18125
0.47400,-0.00907,2.18109
0.47600,-0.01092,2.18080
0.47800,-0.01245,2.18038
0.48000,-0.01363,2.17984
0.48200,-0.01447,2.17918
0.48400,-0.01496,2.17840
0.48600,-0.01511,2.17751
0.48800,-0.01493,2.17649
0.49000,-0.01444,2.17537
0.49200,-0.01365,2.17412
0.49400,-0.01257,2.17276
0.49600,-0.01124,2.17129
0.49800,-0.00968,2.16969
0.50000,-0.00791,2.16798
0.50200,-0.00597,2.16615
0.50400,-0.00388,2.16420
0.50600,-0.00168,2.16213
0.50800,0.00061,2.15994
0.51000,-0.00232,2.15766
0.51200,-0.00498,2.15527
0.51400,-0.00735,2.15274
0.51600,-0.00942,2.15010
0.51800,-0.01117,2.14734
0.52000,-0.01258,2.14447
0.52200,-0.01365,2.14148
0.52400,-0.01439,2.13838
0.52600,-0.01478,2.13517
0.52800,-0.01484,2.13185
0.53000,-0.01458,2.12841
0.53200,-0.01401,2.12487
0.53400,-0.01315,2.12122
0.53600,-0.01202,2.11746
0.53800,-0.01064,2.11359
0.54000,-0.00904,2.10962
0.54200,-0.00725,2.10553
0.54400,-0.00529,2.10135
0.54600,-0.00320,2.09706
0.54800,-0.00100,2.09268
0.55000,0.00128,2.08819
0.55200,-0.00161,2.08422
0.55400,-0.00426,2.08012
0.55600,-0.00662,2.07589
0.55800,-0.00869,2.07154
0.56000,-0.01045,2.06706
0.56200,-0.01188,2.06246
0.56400,-0.01299,2.05773
0.56600,-0.01377,2.05288
0.56800,-0.01421,2.04790
0.57000,-0.01434,2.04280
0.57200,-0.01415,2.03758
0.57400,-0.01365,2.03225
0.57600,-0.01288,2.02679
0.57800,-0.01183,2.02122
0.58000,-0.01055,2.01554
0.58200,-0.00904,2.00976
0.58400,-0.00733,2.00387
0.58600,-0.00545,1.99789
0.58800,-0.00343,1.99182
0.59000,-0.00130,1.98566
0.59200,0.00092,1.97943
0.59400,-0.00197,1.97461
0.59600,-0.00460,1.96966
0.59800,-0.00696,1.96456
0.60000,-0.00902,1.95931
0.60200,-0.01077,1.95391
0.60400,-0.01220,1.94835
0.60600,-0.01330,1.94265
0.60800,-0.01408,1.93679
0.61000,-0.01453,1.93078
0.61200,-0.01465,1.92462
0.61400,-0.01447,1.91831
0.61600,-0.01398,1.91186
0.61800,-0.01321,1.90527
0.62000,-0.01217,1.89855
0.62200,-0.01089,1.89171
0.62400,-0.00938,1.88475
0.62600,-0.00768,1.87768
0.62800,-0.00580,1.87052
0.63000,-0.00377,1.86327
0.63200,-0.00163,1.85595
0.63400,0.00061,1.84857
0.63600,-0.00222,1.84373
0.63800,-0.00480,1.83873
0.64000,-0.00710,1.83356
0.64200,-0.00912,1.82820
0.64400,-0.01083,1.82266
0.64600,-0.01222,1.81693
0.64800,-0.01330,1.81101
0.65000,-0.01406,1.80489
0.65200,-0.01450,1.79859
0.65400,-0.01462,1.79210
0.65600,-0.01444,1.78544
0.65800,-0.01397,1.77859
0.66000,-0.01321,1.77158
0.66200,-0.01219,1.76442
0.66400,-0.01093,1.75711
0.66600,-0.00945,1.74966
0.66800,-0.00777,1.74210
0.67000,-0.00591,1.73444
0.67200,-0.00391,1.72668
0.67400,-0.00178,1.71887
0.67600,0.00043,1.71100
0.67800,-0.00238,1.70689
0.68000,-0.00494,1.70259
0.68200,-0.00724,1.69808
0.68400,-0.00925,1.69335
0.68600,-0.01096,1.68839
0.68800,-0.01237,1.68320
0.69000,-0.01346,1.67777
0.69200,-0.01423,1.67210
0.69400,-0.01468,1.66621
0.69600,-0.01483,1.66008
0.69800,-0.01467,1.65373
0.70000,-0.01422,1.64717
0.70200,-0.01349,1.64041
0.70400,-0.01249,1.63346
0.70600,-0.01126,1.62633
0.70800,-0.00980,1.61905
0.71000,-0.00814,1.61163
0.71200,-0.00631,1.60410
0.71400,-0.00432,1.59647
0.71600,-0.00221,1.58878
0.71800,-0.00000,1.58104
0.72000,-0.00317,1.57857
0.72200,-0.00607,1.57586
0.72400,-0.00868,1.57287
0.72600,-0.01099,1.56958
0.72800,-0.01297,1.56600
0.73000,-0.01463,1.56211
0.73200,-0.01593,1.55790
0.73400,-0.01690,1.55338
0.73600,-0.01751,1.54855
0.73800,-0.01778,1.54341
0.74000,-0.01772,1.53797
0.74200,-0.01733,1.53224
0.74400,-0.01663,1.52624
0.74600,-0.01564,1.51999
0.74800,-0.01437,1.51350
0.75000,-0.01284,1.50680
0.75200,-0.01109,1.49991
0.75400,-0.00913,1.49287
0.75600,-0.00700,1.48569
0.75800,-0.00473,1.47842
0.76000,-0.00233,1.47108
0.76200,0.00015,1.46371
0.76400,-0.00245,1.46242
0.76600,-0.00481,1.46087
0.76800,-0.00692,1.45905
0.77000,-0.00876,1.45694
0.77200,-0.01032,1.45453
0.77400,-0.01158,1.45182
0.77600,-0.01255,1.44880
0.77800,-0.01322,1.44547
0.78000,-0.01359,1.44184
0.78200,-0.01368,1.43792
0.78400,-0.01347,1.43371
0.78600,-0.01300,1.42923
0.78800,-0.01226,1.42450
0.79000,-0.01128,1.41953
0.79200,-0.01007,1.41436
0.79400,-0.00866,1.40900
0.79600,-0.00706,1.40348
0.79800,-0.00530,1.39783
0.80000,-0.00340,1.39209
0.80200,-0.00139,1.38628
0.80400,0.00071,1.38043
0.80600,-0.00220,1.38132
0.80800,-0.00487,1.38191
0.81000,-0.00728,1.38218
0.81200,-0.00939,1.38210
0.81400,-0.01121,1.38166
0.81600,-0.01272,1.38085
0.81800,-0.01392,1.37968
0.82000,-0.01479,1.37813
0.82200,-0.01534,1.37621
0.82400,-0.01557,1.37393
0.82600,-0.01549,1.37130
0.82800,-0.01511,1.36834
0.83000,-0.01445,1.36507
0.83200,-0.01351,1.36150
0.83400,-0.01233,1.35767
0.83600,-0.01091,1.35360
0.83800,-0.00928,1.34933
0.84000,-0.00746,1.34488
0.84200,-0.00549,1.34029
0.84400,-0.00338,1.33560
0.84600,-0.00117,1.33085
0.84800,0.00112,1.32607
0.85000,-0.00165,1.32856
0.85200,-0.00418,1.33074
0.85400,-0.00645,1.33259
0.85600,-0.00845,1.33408
0.85800,-0.01016,1.33521
0.86000,-0.01157,1.33596
0.86200,-0.01268,1.33632
0.86400,-0.01349,1.33631
0.86600,-0.01398,1.33593
0.86800,-0.01417,1.33517
0.87000,-0.01407,1.33407
0.87200,-0.01368,1.33263
0.87400,-0.01302,1.33088
0.87600,-0.01210,1.32883
0.87800,-0.01095,1.32652
0.88000,-0.00957,1.32397
0.88200,-0.00800,1.32122
0.88400,-0.00625,1.31829
0.88600,-0.00436,1.31523
0.88800,-0.00234,1.31207
0.89000,-0.00022,1.30884
0.89200,0.00196,1.30560
0.89400,-0.00090,1.30978
0.89600,-0.00353,1.31363
0.89800,-0.00590,1.31714
0.90000,-0.00800,1.32027
0.90200,-0.00981,1.32302
0.90400,-0.01132,1.32537
0.90600,-0.01252,1.32732
0.90800,-0.01341,1.32887
0.91000,-0.01399,1.33002
0.91200,-0.01427,1.33079
0.91400,-0.01424,1.33118
0.91600,-0.01392,1.33122
0.91800,-0.01332,1.33092
0.92000,-0.01246,1.33031
0.92200,-0.01135,1.32941
0.92400,-0.01001,1.32825
0.92600,-0.00847,1.32687
0.92800,-0.00675,1.32529
0.93000,-0.00487,1.32355
0.93200,-0.00286,1.32170
0.93400,-0.00075,1.31976
0.93600,0.00144,1.31777
0.93800,-0.00141,1.32309
0.94000,-0.00402,1.32807
0.94200,-0.00636,1.33268
0.94400,-0.00843,1.33690
0.94600,-0.01020,1.34073
0.94800,-0.01167,1.34415
0.95000,-0.01282,1.34716
0.95200,-0.01366,1.34977
0.95400,-0.01419,1.35197
0.95600,-0.01441,1.35378
0.95800,-0.01432,1.35522
0.96000,-0.01395,1.35629
0.96200,-0.01329,1.35703
0.96400,-0.01237,1.35746
0.96600,-0.01121,1.35759
0.96800,-0.00982,1.35747
0.97000,-0.00823,1.35712
0.97200,-0.00646,1.35657
0.97400,-0.00453,1.35586
0.97600,-0.00248,1.35503
0.97800,-0.00033,1.35411
0.98000,0.00190,1.35313
0.98200,-0.00091,1.35914
0.98400,-0.00349,1.36481
0.98600,-0.00581,1.37013
0.98800,-0.00786,1.37507
0.99000,-0.00962,1.37963
0.99200,-0.01108,1.38380
0.99400,-0.01224,1.38757
0.99600,-0.01309,1.39095
0.99800,-0.01363,1.39394
1.00000,-0.01386,1.39656
