t,x,y,yaw
0.00200,0.00000,-0.00003,0.00048
0.00400,0.00000,-0.00009,0.00144
0.00600,0.00000,-0.00017,0.00287
0.00800,0.00000,-0.00028,0.00464
0.01000,0.00000,-0.00039,0.00666
0.01200,0.00000,-0.00053,0.00890
0.01400,0.00000,-0.00066,0.01131
0.01600,0.00001,-0.00081,0.01386
0.01800,0.00001,-0.00096,0.01651
0.02000,0.00001,-0.00111,0.01926
0.02200,0.00001,-0.00127,0.02208
0.02400,0.00002,-0.00143,0.02496
0.02600,0.00002,-0.00158,0.02788
0.02800,0.00003,-0.00174,0.03084
0.03000,0.00003,-0.00190,0.03383
0.03200,0.00004,-0.00206,0.03685
0.03400,0.00005,-0.00221,0.03988
0.03600,0.00005,-0.00237,0.04293
0.03800,0.00006,-0.00252,0.04600
0.04000,0.00007,-0.00268,0.04907
0.04200,0.00008,-0.00283,0.05215
0.04400,0.00009,-0.00298,0.05524
0.04600,0.00010,-0.00313,0.05834
0.04800,0.00011,-0.00327,0.06144
0.05000,0.00012,-0.00342,0.06454
0.05200,0.00013,-0.00356,0.06765
0.05400,0.00015,-0.00370,0.07075
0.05600,0.00016,-0.00384,0.07386
0.05800,0.00017,-0.00398,0.07697
0.06000,0.00019,-0.00412,0.08009
0.06200,0.00020,-0.00425,0.08320
0.06400,0.00022,-0.00438,0.08632
0.06600,0.00023,-0.00451,0.08943
0.06800,0.00025,-0.00464,0.09255
0.07000,0.00027,-0.00477,0.09566
0.07200,0.00028,-0.00490,0.09878
0.07400,0.00030,-0.00502,0.10190
0.07600,0.00032,-0.00514,0.10502
0.07800,0.00034,-0.00526,0.10813
0.08000,0.00036,-0.00538,0.11125
0.08200,0.00038,-0.00550,0.11437
0.08400,0.00040,-0.00561,0.11749
0.08600,0.00042,-0.00573,0.12061
0.08800,0.00044,-0.00584,0.12373
0.09000,0.00046,-0.00595,0.12685
0.09200,0.00049,-0.00606,0.12997
0.09400,0.00051,-0.00617,0.13309
0.09600,0.00053,-0.00628,0.13620
0.09800,0.00055,-0.00638,0.13932
0.10000,0.00058,-0.00649,0.14244
0.10200,0.00060,-0.00659,0.14556
0.10400,0.00062,-0.00669,0.14869
0.10600,0.00065,-0.00679,0.15181
0.10800,0.00067,-0.00689,0.15493
0.11000,0.00070,-0.00698,0.15805
0.11200,0.00072,-0.00708,0.16117
0.11400,0.00075,-0.00717,0.16429
0.11600,0.00077,-0.00726,0.16741
0.11800,0.00080,-0.00736,0.17053
0.12000,0.00083,-0.00745,0.17365
0.12200,0.00085,-0.00753,0.17677
0.12400,0.00088,-0.00762,0.17989
0.12600,0.00090,-0.00771,0.18301
0.12800,0.00093,-0.00779,0.18613
0.13000,0.00096,-0.00788,0.18926
0.13200,0.00098,-0.00796,0.19238
0.13400,0.00101,-0.00804,0.19550
0.13600,0.00104,-0.00812,0.19862
0.13800,0.00107,-0.00820,0.20174
0.14000,0.00109,-0.00828,0.20486
0.14200,0.00112,-0.00836,0.20798
0.14400,0.00115,-0.00843,0.21111
0.14600,0.00117,-0.00851,0.21423
0.14800,0.00120,-0.00858,0.21735
0.15000,0.00123,-0.00865,0.22047
0.15200,0.00126,-0.00872,0.22359
0.15400,0.00128,-0.00880,0.22671
0.15600,0.00131,-0.00887,0.22984
0.15800,0.00134,-0.00893,0.23296
0.16000,0.00137,-0.00900,0.23608
0.16200,0.00139,-0.00907,0.23920
0.16400,0.00142,-0.00913,0.24232
0.16600,0.00145,-0.00920,0.24545
0.16800,0.00148,-0.00926,0.24857
0.17000,0.00151,-0.00933,0.25169
0.17200,0.00153,-0.00939,0.25481
0.17400,0.00156,-0.00945,0.25793
0.17600,0.00159,-0.00951,0.26106
0.17800,0.00162,-0.00957,0.26418
0.18000,0.00164,-0.00963,0.26730
0.18200,0.00167,-0.00968,0.27042
0.18400,0.00170,-0.00974,0.27354
0.18600,0.00173,-0.00980,0.27667
0.18800,0.00176,-0.00985,0.27979
0.19000,0.00178,-0.00991,0.28291
0.19200,0.00181,-0.00996,0.28603
0.19400,0.00184,-0.01001,0.28915
0.19600,0.00187,-0.01006,0.29228
0.19800,0.00190,-0.01012,0.29540
0.20000,0.00192,-0.01017,0.29852
0.20200,0.00195,-0.01022,0.30164
0.20400,0.00198,-0.01026,0.30476
0.20600,0.00201,-0.01031,0.30789
0.20800,0.00204,-0.01036,0.31101
0.21000,0.00207,-0.01041,0.31413
0.21200,0.00210,-0.01045,0.31725
0.21400,0.00213,-0.01050,0.32037
0.21600,0.00215,-0.01054,0.32350
0.21800,0.00218,-0.01059,0.32662
0.22000,0.00221,-0.01063,0.32974
0.22200,0.00224,-0.01067,0.33286
0.22400,0.00227,-0.01071,0.33599
0.22600,0.00230,-0.01075,0.33911
0.22800,0.00233,-0.01079,0.34223
0.23000,0.00236,-0.01083,0.34535
0.23200,0.00239,-0.01087,0.34847
0.23400,0.00242,-0.01091,0.35160
0.23600,0.00245,-0.01095,0.35472
0.23800,0.00248,-0.01098,0.35784
0.24000,0.00252,-0.01102,0.36096
0.24200,0.00255,-0.01106,0.36409
0.24400,0.00258,-0.01109,0.36721
0.24600,0.00261,-0.01112,0.37033
0.24800,0.00264,-0.01116,0.37345
0.25000,0.00267,-0.01119,0.37658
0.25200,0.00271,-0.01122,0.37970
0.25400,0.00274,-0.01125,0.38282
0.25600,0.00277,-0.01129,0.38594
0.25800,0.00280,-0.01132,0.38907
0.26000,0.00284,-0.01135,0.39219
0.26200,0.00287,-0.01138,0.39531
0.26400,0.00290,-0.01140,0.39844
0.26600,0.00293,-0.01143,0.40156
0.26800,0.00297,-0.01146,0.40468
0.27000,0.00300,-0.01149,0.40780
0.27200,0.00304,-0.01151,0.41093
0.27400,0.00307,-0.01154,0.41405
0.27600,0.00310,-0.01156,0.41717
0.27800,0.00314,-0.01159,0.42030
0.28000,0.00317,-0.01161,0.42342
0.28200,0.00321,-0.01163,0.42654
0.28400,0.00324,-0.01166,0.42967
0.28600,0.00328,-0.01168,0.43279
0.28800,0.00331,-0.01170,0.43591
0.29000,0.00335,-0.01172,0.43904
0.29200,0.00338,-0.01174,0.44216
0.29400,0.00342,-0.01176,0.44528
0.29600,0.00345,-0.01178,0.44841
0.29800,0.00349,-0.01180,0.45153
0.30000,0.00353,-0.01182,0.45465
0.30200,0.00356,-0.01184,0.45778
0.30400,0.00360,-0.01185,0.46090
0.30600,0.00364,-0.01187,0.46402
0.30800,0.00367,-0.01189,0.46715
0.31000,0.00371,-0.01190,0.47027
0.31200,0.00375,-0.01192,0.47339
0.31400,0.00378,-0.01193,0.47652
0.31600,0.00382,-0.01195,0.47964
0.31800,0.00386,-0.01196,0.48277
0.32000,0.00389,-0.01198,0.48589
0.32200,0.00393,-0.01199,0.48901
0.32400,0.00397,-0.01200,0.49214
0.32600,0.00401,-0.01201,0.49526
0.32800,0.00404,-0.01203,0.49839
0.33000,0.00408,-0.01204,0.50151
0.33200,0.00412,-0.01205,0.50463
0.33400,0.00416,-0.01206,0.50776
0.33600,0.00419,-0.01207,0.51088
0.33800,0.00423,-0.01208,0.51401
0.34000,0.00427,-0.01209,0.51713
0.34200,0.00431,-0.01209,0.52025
0.34400,0.00435,-0.01210,0.52338
0.34600,0.00439,-0.01211,0.52650
0.34800,0.00442,-0.01212,0.52963
0.35000,0.00446,-0.01212,0.53275
0.35200,0.00450,-0.01213,0.53588
0.35400,0.00454,-0.01214,0.53900
0.35600,0.00458,-0.01214,0.54212
0.35800,0.00462,-0.01215,0.54525
0.36000,0.00465,-0.01215,0.54837
0.36200,0.00469,-0.01216,0.55150
0.36400,0.00473,-0.01216,0.55462
0.36600,0.00477,-0.01217,0.55775
0.36800,0.00481,-0.01217,0.56087
0.37000,0.00485,-0.01217,0.56400
0.37200,0.00489,-0.01217,0.56712
0.37400,0.00493,-0.01218,0.57025
0.37600,0.00497,-0.01218,0.57337
0.37800,0.00500,-0.01218,0.57649
0.38000,0.00504,-0.01218,0.57962
0.38200,0.00508,-0.01218,0.58274
0.38400,0.00512,-0.01218,0.58587
0.38600,0.00516,-0.01218,0.58899
0.38800,0.00520,-0.01218,0.59212
0.39000,0.00524,-0.01218,0.59524
0.39200,0.00528,-0.01218,0.59837
0.39400,0.00532,-0.01218,0.60149
0.39600,0.00536,-0.01218,0.60462
0.39800,0.00539,-0.01217,0.60774
0.40000,0.00543,-0.01217,0.61087
0.40200,0.00547,-0.01217,0.61399
0.40400,0.00551,-0.01217,0.61712
0.40600,0.00555,-0.01216,0.62024
0.40800,0.00559,-0.01216,0.62337
0.41000,0.00563,-0.01216,0.62649
0.41200,0.00567,-0.01215,0.62962
0.41400,0.00571,-0.01215,0.63274
0.41600,0.00575,-0.01214,0.63587
0.41800,0.00579,-0.01214,0.63899
0.42000,0.00582,-0.01213,0.64212
0.42200,0.00586,-0.01212,0.64524
0.42400,0.00590,-0.01212,0.64837
0.42600,0.00594,-0.01211,0.65149
0.42800,0.00598,-0.01211,0.65462
0.43000,0.00602,-0.01210,0.65774
0.43200,0.00606,-0.01209,0.66087
0.43400,0.00610,-0.01208,0.66399
0.43600,0.00614,-0.01208,0.66712
0.43800,0.00617,-0.01207,0.67024
0.44000,0.00621,-0.01206,0.67337
0.44200,0.00625,-0.01205,0.67649
0.44400,0.00629,-0.01204,0.67962
0.44600,0.00633,-0.01203,0.68274
0.44800,0.00637,-0.01202,0.68587
0.45000,0.00641,-0.01201,0.68899
0.45200,0.00645,-0.01200,0.69212
0.45400,0.00648,-0.01199,0.69524
0.45600,0.00652,-0.01198,0.69837
0.45800,0.00656,-0.01197,0.70149
0.46000,0.00660,-0.01196,0.70462
0.46200,0.00664,-0.01195,0.70774
0.46400,0.00667,-0.01194,0.71087
0.46600,0.00671,-0.01193,0.71399
0.46800,0.00675,-0.01192,0.71712
0.47000,0.00679,-0.01190,0.72024
0.47200,0.00683,-0.01189,0.72337
0.47400,0.00686,-0.01188,0.72650
0.47600,0.00690,-0.01187,0.72962
0.47800,0.00694,-0.01185,0.73275
0.48000,0.00698,-0.01184,0.73587
0.48200,0.00701,-0.01183,0.73900
0.48400,0.00705,-0.01181,0.74212
0.48600,0.00709,-0.01180,0.74525
0.48800,0.00713,-0.01179,0.74837
0.49000,0.00716,-0.01177,0.75150
0.49200,0.00720,-0.01176,0.75462
0.49400,0.00724,-0.01174,0.75775
0.49600,0.00727,-0.01173,0.76087
0.49800,0.00731,-0.01171,0.76400
0.50000,0.00735,-0.01170,0.76712
0.50200,0.00738,-0.01168,0.77025
0.50400,0.00742,-0.01167,0.77337
0.50600,0.00746,-0.01165,0.77650
0.50800,0.00749,-0.01164,0.77962
0.51000,0.00753,-0.01162,0.78275
0.51200,0.00757,-0.01161,0.78587
0.51400,0.00760,-0.01159,0.78900
0.51600,0.00764,-0.01157,0.79213
0.51800,0.00767,-0.01156,0.79525
0.52000,0.00771,-0.01154,0.79838
0.52200,0.00775,-0.01152,0.80150
0.52400,0.00778,-0.01150,0.80463
0.52600,0.00782,-0.01149,0.80775
0.52800,0.00785,-0.01147,0.81088
0.53000,0.00789,-0.01145,0.81400
0.53200,0.00792,-0.01143,0.81713
0.53400,0.00796,-0.01142,0.82025
0.53600,0.00799,-0.01140,0.82338
0.53800,0.00803,-0.01138,0.82650
0.54000,0.00806,-0.01136,0.82963
0.54200,0.00810,-0.01134,0.83275
0.54400,0.00813,-0.01132,0.83588
0.54600,0.00817,-0.01130,0.83900
0.54800,0.00820,-0.01128,0.84213
0.55000,0.00824,-0.01127,0.84525
0.55200,0.00827,-0.01125,0.84838
0.55400,0.00831,-0.01123,0.85150
0.55600,0.00834,-0.01121,0.85463
0.55800,0.00838,-0.01119,0.85775
0.56000,0.00841,-0.01117,0.86088
0.56200,0.00845,-0.01115,0.86400
0.56400,0.00848,-0.01112,0.86713
0.56600,0.00851,-0.01110,0.87025
0.56800,0.00855,-0.01108,0.87338
0.57000,0.00858,-0.01106,0.87650
0.57200,0.00862,-0.01104,0.87963
0.57400,0.00865,-0.01102,0.88275
0.57600,0.00868,-0.01100,0.88588
0.57800,0.00872,-0.01098,0.88900
0.58000,0.00875,-0.01095,0.89213
0.58200,0.00878,-0.01093,0.89525
0.58400,0.00882,-0.01091,0.89838
0.58600,0.00885,-0.01089,0.90150
0.58800,0.00889,-0.01086,0.90463
0.59000,0.00892,-0.01084,0.90775
0.59200,0.00895,-0.01082,0.91088
0.59400,0.00899,-0.01080,0.91400
0.59600,0.00902,-0.01077,0.91713
0.59800,0.00905,-0.01075,0.92025
0.60000,0.00908,-0.01073,0.92338
0.60200,0.00912,-0.01070,0.92650
0.60400,0.00915,-0.01068,0.92963
0.60600,0.00918,-0.01065,0.93275
0.60800,0.00922,-0.01063,0.93588
0.61000,0.00925,-0.01061,0.93900
0.61200,0.00928,-0.01058,0.94213
0.61400,0.00931,-0.01056,0.94525
0.61600,0.00935,-0.01053,0.94838
0.61800,0.00938,-0.01051,0.95150
0.62000,0.00941,-0.01048,0.95463
0.62200,0.00944,-0.01046,0.95775
0.62400,0.00948,-0.01043,0.96088
0.62600,0.00951,-0.01040,0.96400
0.62800,0.00954,-0.01038,0.96713
0.63000,0.00957,-0.01035,0.97025
0.63200,0.00960,-0.01033,0.97338
0.63400,0.00964,-0.01030,0.97650
0.63600,0.00967,-0.01027,0.97963
0.63800,0.00970,-0.01025,0.98276
0.64000,0.00973,-0.01022,0.98588
0.64200,0.00976,-0.01019,0.98901
0.64400,0.00980,-0.01017,0.99213
0.64600,0.00983,-0.01014,0.99526
0.64800,0.00986,-0.01011,0.99838
0.65000,0.00989,-0.01008,1.00151
0.65200,0.00992,-0.01006,1.00463
0.65400,0.00995,-0.01003,1.00776
0.65600,0.00998,-0.01000,1.01088
0.65800,0.01001,-0.00997,1.01401
0.66000,0.01005,-0.00994,1.01713
0.66200,0.01008,-0.00991,1.02026
0.66400,0.01011,-0.00989,1.02338
0.66600,0.01014,-0.00986,1.02651
0.66800,0.01017,-0.00983,1.02963
0.67000,0.01020,-0.00980,1.03276
0.67200,0.01023,-0.00977,1.03588
0.67400,0.01026,-0.00974,1.03901
0.67600,0.01029,-0.00971,1.04213
0.67800,0.01032,-0.00968,1.04526
0.68000,0.01035,-0.00965,1.04838
0.68200,0.01038,-0.00962,1.05151
0.68400,0.01041,-0.00959,1.05463
0.68600,0.01044,-0.00956,1.05776
0.68800,0.01047,-0.00953,1.06088
0.69000,0.01050,-0.00950,1.06401
0.69200,0.01053,-0.00947,1.06713
0.69400,0.01056,-0.00944,1.07026
0.69600,0.01059,-0.00941,1.07339
0.69800,0.01062,-0.00938,1.07651
0.70000,0.01065,-0.00934,1.07964
0.70200,0.01068,-0.00931,1.08276
0.70400,0.01071,-0.00928,1.08589
0.70600,0.01074,-0.00925,1.08901
0.70800,0.01077,-0.00922,1.09214
0.71000,0.01079,-0.00919,1.09526
0.71200,0.01082,-0.00915,1.09839
0.71400,0.01085,-0.00912,1.10151
0.71600,0.01088,-0.00909,1.10464
0.71800,0.01091,-0.00906,1.10776
0.72000,0.01094,-0.00902,1.11089
0.72200,0.01097,-0.00899,1.11401
0.72400,0.01099,-0.00896,1.11714
0.72600,0.01102,-0.00893,1.12026
0.72800,0.01105,-0.00889,1.12339
0.73000,0.01108,-0.00886,1.12652
0.73200,0.01111,-0.00883,1.12964
0.73400,0.01113,-0.00879,1.13277
0.73600,0.01116,-0.00876,1.13589
0.73800,0.01119,-0.00873,1.13902
0.74000,0.01122,-0.00869,1.14214
0.74200,0.01124,-0.00866,1.14527
0.74400,0.01127,-0.00862,1.14839
0.74600,0.01130,-0.00859,1.15152
0.74800,0.01133,-0.00856,1.15464
0.75000,0.01135,-0.00852,1.15777
0.75200,0.01138,-0.00849,1.16089
0.75400,0.01141,-0.00845,1.16402
0.75600,0.01143,-0.00842,1.16715
0.75800,0.01146,-0.00838,1.17027
0.76000,0.01149,-0.00835,1.17340
0.76200,0.01151,-0.00831,1.17652
0.76400,0.01154,-0.00828,1.17965
0.76600,0.01156,-0.00824,1.18277
0.76800,0.01159,-0.00821,1.18590
0.77000,0.01162,-0.00817,1.18902
0.77200,0.01164,-0.00814,1.19215
0.77400,0.01167,-0.00810,1.19527
0.77600,0.01169,-0.00807,1.19840
0.77800,0.01172,-0.00803,1.20152
0.78000,0.01174,-0.00799,1.20465
0.78200,0.01177,-0.00796,1.20778
0.78400,0.01179,-0.00792,1.21090
0.78600,0.01182,-0.00789,1.21403
0.78800,0.01184,-0.00785,1.21715
0.79000,0.01187,-0.00781,1.22028
0.79200,0.01189,-0.00778,1.22340
0.79400,0.01192,-0.00774,1.22653
0.79600,0.01194,-0.00770,1.22965
0.79800,0.01196,-0.00767,1.23278
0.80000,0.01199,-0.00763,1.23590
0.80200,0.01201,-0.00759,1.23903
0.80400,0.01204,-0.00756,1.24215
0.80600,0.01206,-0.00752,1.24528
0.80800,0.01208,-0.00748,1.24841
0.81000,0.01211,-0.00745,1.25153
0.81200,0.01213,-0.00741,1.25466
0.81400,0.01215,-0.00737,1.25778
0.81600,0.01218,-0.00734,1.26091
0.81800,0.01220,-0.00730,1.26403
0.82000,0.01222,-0.00726,1.26716
0.82200,0.01224,-0.00722,1.27028
0.82400,0.01227,-0.00719,1.27341
0.82600,0.01229,-0.00715,1.27653
0.82800,0.01231,-0.00711,1.27966
0.83000,0.01233,-0.00707,1.28278
0.83200,0.01236,-0.00703,1.28591
0.83400,0.01238,-0.00700,1.28904
0.83600,0.01240,-0.00696,1.29216
0.83800,0.01242,-0.00692,1.29529
0.84000,0.01244,-0.00688,1.29841
0.84200,0.01247,-0.00684,1.30154
0.84400,0.01249,-0.00681,1.30466
0.84600,0.01251,-0.00677,1.30779
0.84800,0.01253,-0.00673,1.31091
0.85000,0.01255,-0.00669,1.31404
0.85200,0.01257,-0.00665,1.31716
0.85400,0.01259,-0.00661,1.32029
0.85600,0.01261,-0.00657,1.32341
0.85800,0.01263,-0.00654,1.32654
0.86000,0.01265,-0.00650,1.32967
0.86200,0.01267,-0.00646,1.33279
0.86400,0.01269,-0.00642,1.33592
0.86600,0.01271,-0.00638,1.33904
0.86800,0.01273,-0.00634,1.34217
0.87000,0.01275,-0.00630,1.34529
0.87200,0.01277,-0.00626,1.34842
0.87400,0.01279,-0.00622,1.35154
0.87600,0.01281,-0.00618,1.35467
0.87800,0.01283,-0.00615,1.35779
0.88000,0.01285,-0.00611,1.36092
0.88200,0.01287,-0.00607,1.36404
0.88400,0.01289,-0.00603,1.36717
0.88600,0.01291,-0.00599,1.37029
0.88800,0.01293,-0.00595,1.37342
0.89000,0.01294,-0.00591,1.37655
0.89200,0.01296,-0.00587,1.37967
0.89400,0.01298,-0.00583,1.38280
0.89600,0.01300,-0.00579,1.38592
0.89800,0.01302,-0.00575,1.38905
0.90000,0.01303,-0.00571,1.39217
0.90200,0.01305,-0.00567,1.39530
0.90400,0.01307,-0.00563,1.39842
0.90600,0.01309,-0.00559,1.40155
0.90800,0.01310,-0.00555,1.40467
0.91000,0.01312,-0.00551,1.40780
0.91200,0.01314,-0.00547,1.41092
0.91400,0.01316,-0.00543,1.41405
0.91600,0.01317,-0.00539,1.41717
0.91800,0.01319,-0.00535,1.42030
0.92000,0.01321,-0.00531,1.42343
0.92200,0.01322,-0.00527,1.42655
0.92400,0.01324,-0.00522,1.42968
0.92600,0.01326,-0.00518,1.43280
0.92800,0.01327,-0.00514,1.43593
0.93000,0.01329,-0.00510,1.43905
0.93200,0.01330,-0.00506,1.44218
0.93400,0.01332,-0.00502,1.44530
0.93600,0.01333,-0.00498,1.44843
0.93800,0.01335,-0.00494,1.45155
0.94000,0.01337,-0.00490,1.45468
0.94200,0.01338,-0.00486,1.45780
0.94400,0.01340,-0.00482,1.46093
0.94600,0.01341,-0.00477,1.46405
0.94800,0.01343,-0.00473,1.46718
0.95000,0.01344,-0.00469,1.47030
0.95200,0.01345,-0.00465,1.47343
0.95400,0.01347,-0.00461,1.47656
0.95600,0.01348,-0.00457,1.47968
0.95800,0.01350,-0.00453,1.48281
0.96000,0.01351,-0.00448,1.48593
0.96200,0.01353,-0.00444,1.48906
0.96400,0.01354,-0.00440,1.49218
0.96600,0.01355,-0.00436,1.49531
0.96800,0.01357,-0.00432,1.49843
0.97000,0.01358,-0.00427,1.50156
0.97200,0.01359,-0.00423,1.50468
0.97400,0.01361,-0.00419,1.50781
0.97600,0.01362,-0.00415,1.51093
0.97800,0.01363,-0.00411,1.51406
0.98000,0.01365,-0.00406,1.51718
0.98200,0.01366,-0.00402,1.52031
0.98400,0.01367,-0.00398,1.52343
0.98600,0.01368,-0.00394,1.52656
0.98800,0.01369,-0.00389,1.52968
0.99000,0.01371,-0.00385,1.53281
0.99200,0.01372,-0.00381,1.53594
0.99400,0.01373,-0.00377,1.53906
0.99600,0.01374,-0.00372,1.54219
0.99800,0.01375,-0.00368,1.54531
1.00000,0.01377,-0.00364,1.54844
1.00200,0.01376,-0.00360,1.55109
1.00400,0.01373,-0.00355,1.55326
1.00600,0.01367,-0.00351,1.55496
1.00800,0.01361,-0.00346,1.55634
1.01000,0.01354,-0.00342,1.55746
1.01200,0.01347,-0.00338,1.55837
1.01400,0.01339,-0.00333,1.55911
1.01600,0.01332,-0.00329,1.55971
1.01800,0.01325,-0.00325,1.56020
1.02000,0.01318,-0.00321,1.56061
1.02200,0.01311,-0.00317,1.56094
1.02400,0.01305,-0.00313,1.56122
1.02600,0.01300,-0.00309,1.56145
1.02800,0.01295,-0.00305,1.56165
1.03000,0.01291,-0.00301,1.56181
1.03200,0.01287,-0.00297,1.56195
1.03400,0.01285,-0.00293,1.56207
1.03600,0.01282,-0.00289,1.56217
1.03800,0.01281,-0.00285,1.56226
1.04000,0.01280,-0.00282,1.56234
1.04200,0.01280,-0.00278,1.56242
1.04400,0.01281,-0.00274,1.56248
1.04600,0.01283,-0.00271,1.56254
1.04800,0.01285,-0.00267,1.56259
1.05000,0.01288,-0.00264,1.56264
1.05200,0.01292,-0.00260,1.56269
1.05400,0.01296,-0.00257,1.56274
1.05600,0.01301,-0.00254,1.56278
1.05800,0.01307,-0.00250,1.56282
1.06000,0.01313,-0.00247,1.56286
1.06200,0.01320,-0.00244,1.56290
1.06400,0.01328,-0.00241,1.56293
1.06600,0.01336,-0.00238,1.56297
1.06800,0.01346,-0.00235,1.56300
1.07000,0.01355,-0.00232,1.56304
1.07200,0.01366,-0.00229,1.56307
1.07400,0.01377,-0.00226,1.56310
1.07600,0.01388,-0.00223,1.56314
1.07800,0.01400,-0.00220,1.56317
1.08000,0.01413,-0.00217,1.56320
1.08200,0.01427,-0.00214,1.56323
1.08400,0.01441,-0.00211,1.56326
1.08600,0.01455,-0.00208,1.56329
1.08800,0.01471,-0.00206,1.56332
1.09000,0.01486,-0.00203,1.56335
1.09200,0.01503,-0.00200,1.56337
1.09400,0.01520,-0.00198,1.56340
1.09600,0.01537,-0.00195,1.56343
1.09800,0.01555,-0.00193,1.56346
1.10000,0.01573,-0.00190,1.56348
1.10200,0.01592,-0.00188,1.56351
1.10400,0.01612,-0.00185,1.56354
1.10600,0.01632,-0.00183,1.56356
1.10800,0.01653,-0.00180,1.56359
1.11000,0.01674,-0.00178,1.56361
1.11200,0.01695,-0.00176,1.56364
1.11400,0.01717,-0.00173,1.56366
1.11600,0.01740,-0.00171,1.56369
1.11800,0.01763,-0.00169,1.56371
1.12000,0.01786,-0.00167,1.56373
1.12200,0.01810,-0.00164,1.56376
1.12400,0.01835,-0.00162,1.56378
1.12600,0.01860,-0.00160,1.56380
1.12800,0.01885,-0.00158,1.56382
1.13000,0.01911,-0.00156,1.56385
1.13200,0.01937,-0.00154,1.56387
1.13400,0.01963,-0.00152,1.56389
1.13600,0.01990,-0.00150,1.56391
1.13800,0.02018,-0.00148,1.56393
1.14000,0.02046,-0.00146,1.56395
1.14200,0.02074,-0.00144,1.56397
1.14400,0.02103,-0.00142,1.56399
1.14600,0.02132,-0.00140,1.56401
1.14800,0.02161,-0.00138,1.56403
1.15000,0.02191,-0.00137,1.56405
1.15200,0.02221,-0.00135,1.56407
1.15400,0.02252,-0.00133,1.56409
1.15600,0.02283,-0.00131,1.56411
1.15800,0.02314,-0.00130,1.56413
1.16000,0.02346,-0.00128,1.56414
1.16200,0.02378,-0.00126,1.56416
1.16400,0.02410,-0.00124,1.56418
1.16600,0.02443,-0.00123,1.56420
1.16800,0.02476,-0.00121,1.56421
1.17000,0.02509,-0.00120,1.56423
1.17200,0.02543,-0.00118,1.56425
1.17400,0.02577,-0.00117,1.56426
1.17600,0.02612,-0.00115,1.56428
1.17800,0.02647,-0.00113,1.56430
1.18000,0.02682,-0.00112,1.56431
1.18200,0.02717,-0.00110,1.56433
1.18400,0.02753,-0.00109,1.56434
1.18600,0.02789,-0.00108,1.56436
1.18800,0.02825,-0.00106,1.56437
1.19000,0.02862,-0.00105,1.56439
1.19200,0.02899,-0.00103,1.56440
1.19400,0.02936,-0.00102,1.56442
1.19600,0.02973,-0.00101,1.56443
1.19800,0.03011,-0.00099,1.56445
1.20000,0.03049,-0.00098,1.56446
1.20200,0.03087,-0.00097,1.56447
1.20400,0.03126,-0.00095,1.56449
1.20600,0.03165,-0.00094,1.56450
1.20800,0.03204,-0.00093,1.56451
1.21000,0.03244,-0.00092,1.56453
1.21200,0.03283,-0.00091,1.56454
1.21400,0.03323,-0.00089,1.56455
1.21600,0.03363,-0.00088,1.56456
1.21800,0.03404,-0.00087,1.56458
1.22000,0.03444,-0.00086,1.56459
1.22200,0.03485,-0.00085,1.56460
1.22400,0.03526,-0.00084,1.56461
1.22600,0.03568,-0.00082,1.56463
1.22800,0.03609,-0.00081,1.56464
1.23000,0.03651,-0.00080,1.56465
1.23200,0.03693,-0.00079,1.56466
1.23400,0.03736,-0.00078,1.56467
1.23600,0.03778,-0.00077,1.56468
1.23800,0.03821,-0.00076,1.56469
1.24000,0.03864,-0.00075,1.56470
1.24200,0.03907,-0.00074,1.56471
1.24400,0.03951,-0.00073,1.56472
1.24600,0.03994,-0.00072,1.56473
1.24800,0.04038,-0.00071,1.56475
1.25000,0.04082,-0.00070,1.56476
1.25200,0.04126,-0.00069,1.56477
1.25400,0.04171,-0.00068,1.56477
1.25600,0.04215,-0.00068,1.56478
1.25800,0.04260,-0.00067,1.56479
1.26000,0.04305,-0.00066,1.56480
1.26200,0.04350,-0.00065,1.56481
1.26400,0.04396,-0.00064,1.56482
1.26600,0.04441,-0.00063,1.56483
1.26800,0.04487,-0.00062,1.56484
1.27000,0.04533,-0.00062,1.56485
1.27200,0.04579,-0.00061,1.56486
1.27400,0.04625,-0.00060,1.56487
1.27600,0.04672,-0.00059,1.56487
1.27800,0.04718,-0.00058,1.56488
1.28000,0.04765,-0.00058,1.56489
1.28200,0.04812,-0.00057,1.56490
1.28400,0.04859,-0.00056,1.56491
1.28600,0.04906,-0.00055,1.56492
1.28800,0.04954,-0.00055,1.56492
1.29000,0.05001,-0.00054,1.56493
1.29200,0.05049,-0.00053,1.56494
1.29400,0.05097,-0.00052,1.56495
1.29600,0.05145,-0.00052,1.56495
1.29800,0.05193,-0.00051,1.56496
1.30000,0.05241,-0.00050,1.56497
1.30200,0.05290,-0.00050,1.56498
1.30400,0.05338,-0.00049,1.56498
1.30600,0.05387,-0.00048,1.56499
1.30800,0.05436,-0.00048,1.56500
1.31000,0.05485,-0.00047,1.56500
1.31200,0.05534,-0.00046,1.56501
1.31400,0.05584,-0.00046,1.56502
1.31600,0.05633,-0.00045,1.56502
1.31800,0.05683,-0.00045,1.56503
1.32000,0.05732,-0.00044,1.56504
1.32200,0.05782,-0.00043,1.56504
1.32400,0.05832,-0.00043,1.56505
1.32600,0.05882,-0.00042,1.56506
1.32800,0.05932,-0.00042,1.56506
1.33000,0.05983,-0.00041,1.56507
1.33200,0.06033,-0.00041,1.56507
1.33400,0.06084,-0.00040,1.56508
1.33600,0.06134,-0.00040,1.56509
1.33800,0.06185,-0.00039,1.56509
1.34000,0.06236,-0.00038,1.56510
1.34200,0.06287,-0.00038,1.56510
1.34400,0.06338,-0.00037,1.56511
1.34600,0.06390,-0.00037,1.56511
1.34800,0.06441,-0.00036,1.56512
1.35000,0.06492,-0.00036,1.56512
1.35200,0.06544,-0.00035,1.56513
1.35400,0.06596,-0.00035,1.56513
1.35600,0.06647,-0.00034,1.56514
1.35800,0.06699,-0.00034,1.56515
1.36000,0.06751,-0.00034,1.56515
1.36200,0.06803,-0.00033,1.56516
1.36400,0.06855,-0.00033,1.56516
1.36600,0.06908,-0.00032,1.56516
1.36800,0.06960,-0.00032,1.56517
1.37000,0.07013,-0.00031,1.56517
1.37200,0.07065,-0.00031,1.56518
1.37400,0.07118,-0.00030,1.56518
1.37600,0.07170,-0.00030,1.56519
1.37800,0.07223,-0.00030,1.56519
1.38000,0.07276,-0.00029,1.56520
1.38200,0.07329,-0.00029,1.56520
1.38400,0.07382,-0.00028,1.56521
1.38600,0.07435,-0.00028,1.56521
1.38800,0.07489,-0.00028,1.56521
1.39000,0.07542,-0.00027,1.56522
1.39200,0.07595,-0.00027,1.56522
1.39400,0.07649,-0.00026,1.56523
1.39600,0.07703,-0.00026,1.56523
1.39800,0.07756,-0.00026,1.56523
1.40000,0.07810,-0.00025,1.56524
1.40200,0.07864,-0.00025,1.56524
1.40400,0.07918,-0.00025,1.56525
1.40600,0.07972,-0.00024,1.56525
1.40800,0.08026,-0.00024,1.56525
1.41000,0.08080,-0.00024,1.56526
1.41200,0.08134,-0.00023,1.56526
1.41400,0.08188,-0.00023,1.56526
1.41600,0.08242,-0.00023,1.56527
1.41800,0.08297,-0.00022,1.56527
1.42000,0.08351,-0.00022,1.56527
1.42200,0.08406,-0.00022,1.56528
1.42400,0.08460,-0.00021,1.56528
1.42600,0.08515,-0.00021,1.56528
1.42800,0.08570,-0.00021,1.56529
1.43000,0.08624,-0.00020,1.56529
1.43200,0.08679,-0.00020,1.56529
1.43400,0.08734,-0.00020,1.56530
1.43600,0.08789,-0.00020,1.56530
1.43800,0.08844,-0.00019,1.56530
1.44000,0.08899,-0.00019,1.56531
1.44200,0.08954,-0.00019,1.56531
1.44400,0.09010,-0.00018,1.56531
1.44600,0.09065,-0.00018,1.56531
1.44800,0.09120,-0.00018,1.56532
1.45000,0.09176,-0.00018,1.56532
1.45200,0.09231,-0.00017,1.56532
1.45400,0.09286,-0.00017,1.56533
1.45600,0.09342,-0.00017,1.56533
1.45800,0.09398,-0.00017,1.56533
1.46000,0.09453,-0.00016,1.56533
1.46200,0.09509,-0.00016,1.56534
1.46400,0.09565,-0.00016,1.56534
1.46600,0.09620,-0.00016,1.56534
1.46800,0.09676,-0.00015,1.56534
1.47000,0.09732,-0.00015,1.56535
1.47200,0.09788,-0.00015,1.56535
1.47400,0.09844,-0.00015,1.56535
1.47600,0.09900,-0.00014,1.56535
1.47800,0.09956,-0.00014,1.56536
1.48000,0.10012,-0.00014,1.56536
1.48200,0.10069,-0.00014,1.56536
1.48400,0.10125,-0.00014,1.56536
1.48600,0.10181,-0.00013,1.56537
1.48800,0.10237,-0.00013,1.56537
1.49000,0.10294,-0.00013,1.56537
1.49200,0.10350,-0.00013,1.56537
1.49400,0.10407,-0.00013,1.56537
1.49600,0.10463,-0.00012,1.56538
1.49800,0.10520,-0.00012,1.56538
1.50000,0.10576,-0.00012,1.56538
1.50200,0.10633,-0.00012,1.56538
1.50400,0.10689,-0.00012,1.56538
1.50600,0.10746,-0.00011,1.56539
1.50800,0.10803,-0.00011,1.56539
1.51000,0.10860,-0.00011,1.56539
1.51200,0.10916,-0.00011,1.56539
1.51400,0.10973,-0.00011,1.56539
1.51600,0.11030,-0.00010,1.56540
1.51800,0.11087,-0.00010,1.56540
1.52000,0.11144,-0.00010,1.56540
1.52200,0.11201,-0.00010,1.56540
1.52400,0.11258,-0.00010,1.56540
1.52600,0.11315,-0.00010,1.56540
1.52800,0.11372,-0.00009,1.56541
1.53000,0.11429,-0.00009,1.56541
1.53200,0.11486,-0.00009,1.56541
1.53400,0.11544,-0.00009,1.56541
1.53600,0.11601,-0.00009,1.56541
1.53800,0.11658,-0.00009,1.56541
1.54000,0.11715,-0.00009,1.56542
1.54200,0.11773,-0.00008,1.56542
1.54400,0.11830,-0.00008,1.56542
1.54600,0.11887,-0.00008,1.56542
1.54800,0.11945,-0.00008,1.56542
1.55000,0.12002,-0.00008,1.56542
1.55200,0.12060,-0.00008,1.56542
1.55400,0.12117,-0.00008,1.56543
1.55600,0.12175,-0.00007,1.56543
1.55800,0.12232,-0.00007,1.56543
1.56000,0.12290,-0.00007,1.56543
1.56200,0.12347,-0.00007,1.56543
1.56400,0.12405,-0.00007,1.56543
1.56600,0.12463,-0.00007,1.56543
1.56800,0.12520,-0.00007,1.56544
1.57000,0.12578,-0.00007,1.56544
1.57200,0.12636,-0.00006,1.56544
1.57400,0.12693,-0.00006,1.56544
1.57600,0.12751,-0.00006,1.56544
1.57800,0.12809,-0.00006,1.56544
1.58000,0.12867,-0.00006,1.56544
1.58200,0.12925,-0.00006,1.56544
1.58400,0.12983,-0.00006,1.56545
1.58600,0.13040,-0.00006,1.56545
1.58800,0.13098,-0.00006,1.56545
1.59000,0.13156,-0.00006,1.56545
1.59200,0.13214,-0.00005,1.56545
1.59400,0.13272,-0.00005,1.56545
1.59600,0.13330,-0.00005,1.56545
1.59800,0.13388,-0.00005,1.56545
1.60000,0.13446,-0.00005,1.56545
1.60200,0.13504,-0.00005,1.56546
1.60400,0.13562,-0.00005,1.56546
1.60600,0.13621,-0.00005,1.56546
1.60800,0.13679,-0.00005,1.56546
1.61000,0.13737,-0.00005,1.56546
1.61200,0.13795,-0.00004,1.56546
1.61400,0.13853,-0.00004,1.56546
1.61600,0.13911,-0.00004,1.56546
1.61800,0.13970,-0.00004,1.56546
1.62000,0.14028,-0.00004,1.56546
1.62200,0.14086,-0.00004,1.56546
1.62400,0.14145,-0.00004,1.56547
1.62600,0.14203,-0.00004,1.56547
1.62800,0.14261,-0.00004,1.56547
1.63000,0.14319,-0.00004,1.56547
1.63200,0.14378,-0.00004,1.56547
1.63400,0.14436,-0.00004,1.56547
1.63600,0.14495,-0.00003,1.56547
1.63800,0.14553,-0.00003,1.56547
1.64000,0.14611,-0.00003,1.56547
1.64200,0.14670,-0.00003,1.56547
1.64400,0.14728,-0.00003,1.56547
1.64600,0.14787,-0.00003,1.56547
1.64800,0.14845,-0.00003,1.56548
1.65000,0.14904,-0.00003,1.56548
1.65200,0.14962,-0.00003,1.56548
1.65400,0.15021,-0.00003,1.56548
1.65600,0.15079,-0.00003,1.56548
1.65800,0.15138,-0.00003,1.56548
1.66000,0.15197,-0.00003,1.56548
1.66200,0.15255,-0.00003,1.56548
1.66400,0.15314,-0.00003,1.56548
1.66600,0.15372,-0.00002,1.56548
1.66800,0.15431,-0.00002,1.56548
1.67000,0.15490,-0.00002,1.56548
1.67200,0.15548,-0.00002,1.56548
1.67400,0.15607,-0.00002,1.56548
1.67600,0.15666,-0.00002,1.56549
1.67800,0.15724,-0.00002,1.56549
1.68000,0.15783,-0.00002,1.56549
1.68200,0.15842,-0.00002,1.56549
1.68400,0.15901,-0.00002,1.56549
1.68600,0.15959,-0.00002,1.56549
1.68800,0.16018,-0.00002,1.56549
1.69000,0.16077,-0.00002,1.56549
1.69200,0.16136,-0.00002,1.56549
1.69400,0.16195,-0.00002,1.56549
1.69600,0.16253,-0.00002,1.56549
1.69800,0.16312,-0.00002,1.56549
1.70000,0.16371,-0.00001,1.56549
1.70200,0.16430,-0.00001,1.56549
1.70400,0.16489,-0.00001,1.56549
1.70600,0.16548,-0.00001,1.56549
1.70800,0.16606,-0.00001,1.56549
1.71000,0.16665,-0.00001,1.56550
1.71200,0.16724,-0.00001,1.56550
1.71400,0.16783,-0.00001,1.56550
1.71600,0.16842,-0.00001,1.56550
1.71800,0.16901,-0.00001,1.56550
1.72000,0.16960,-0.00001,1.56550
1.72200,0.17019,-0.00001,1.56550
1.72400,0.17078,-0.00001,1.56550
1.72600,0.17137,-0.00001,1.56550
1.72800,0.17196,-0.00001,1.56550
1.73000,0.17255,-0.00001,1.56550
1.73200,0.17314,-0.00001,1.56550
1.73400,0.17373,-0.00001,1.56550
1.73600,0.17432,-0.00001,1.56550
1.73800,0.17491,-0.00001,1.56550
1.74000,0.17550,-0.00001,1.56550
1.74200,0.17609,-0.00001,1.56550
1.74400,0.17668,-0.00001,1.56550
1.74600,0.17727,-0.00000,1.56550
1.74800,0.17786,-0.00000,1.56550
1.75000,0.17845,-0.00000,1.56550
1.75200,0.17904,-0.00000,1.56551
1.75400,0.17963,-0.00000,1.56551
1.75600,0.18022,-0.00000,1.56551
1.75800,0.18082,-0.00000,1.56551
1.76000,0.18141,-0.00000,1.56551
1.76200,0.18200,-0.00000,1.56551
1.76400,0.18259,-0.00000,1.56551
1.76600,0.18318,-0.00000,1.56551
1.76800,0.18377,-0.00000,1.56551
1.77000,0.18436,-0.00000,1.56551
1.77200,0.18495,0.00000,1.56551
1.77400,0.18555,0.00000,1.56551
1.77600,0.18614,0.00000,1.56551
1.77800,0.18673,0.00000,1.56551
1.78000,0.18732,0.00000,1.56551
1.78200,0.18791,0.00000,1.56551
1.78400,0.18851,0.00000,1.56551
1.78600,0.18910,0.00000,1.56551
1.78800,0.18969,0.00000,1.56551
1.79000,0.19028,0.00000,1.56551
1.79200,0.19087,0.00000,1.56551
1.79400,0.19147,0.00000,1.56551
1.79600,0.19206,0.00000,1.56551
1.79800,0.19265,0.00000,1.56551
1.80000,0.19324,0.00000,1.56551
1.80200,0.19384,0.00000,1.56551
1.80400,0.19443,0.00000,1.56551
1.80600,0.19502,0.00001,1.56551
1.80800,0.19561,0.00001,1.56551
1.81000,0.19621,0.00001,1.56551
1.81200,0.19680,0.00001,1.56552
1.81400,0.19739,0.00001,1.56552
1.81600,0.19799,0.00001,1.56552
1.81800,0.19858,0.00001,1.56552
1.82000,0.19917,0.00001,1.56552
1.82200,0.19976,0.00001,1.56552
1.82400,0.20036,0.00001,1.56552
1.82600,0.20095,0.00001,1.56552
1.82800,0.20154,0.00001,1.56552
1.83000,0.20214,0.00001,1.56552
1.83200,0.20273,0.00001,1.56552
1.83400,0.20332,0.00001,1.56552
1.83600,0.20392,0.00001,1.56552
1.83800,0.20451,0.00001,1.56552
1.84000,0.20510,0.00001,1.56552
1.84200,0.20570,0.00001,1.56552
1.84400,0.20629,0.00001,1.56552
1.84600,0.20689,0.00001,1.56552
1.84800,0.20748,0.00001,1.56552
1.85000,0.20807,0.00001,1.56552
1.85200,0.20867,0.00001,1.56552
1.85400,0.20926,0.00001,1.56552
1.85600,0.20985,0.00001,1.56552
1.85800,0.21045,0.00001,1.56552
1.86000,0.21104,0.00001,1.56552
1.86200,0.21164,0.00001,1.56552
1.86400,0.21223,0.00001,1.56552
1.86600,0.21282,0.00001,1.56552
1.86800,0.21342,0.00001,1.56552
1.87000,0.21401,0.00001,1.56552
1.87200,0.21461,0.00001,1.56552
1.87400,0.21520,0.00001,1.56552
1.87600,0.21579,0.00001,1.56552
1.87800,0.21639,0.00001,1.56552
1.88000,0.21698,0.00001,1.56552
1.88200,0.21758,0.00001,1.56552
1.88400,0.21817,0.00001,1.56552
1.88600,0.21877,0.00001,1.56552
1.88800,0.21936,0.00001,1.56552
1.89000,0.21996,0.00001,1.56552
1.89200,0.22055,0.00001,1.56552
1.89400,0.22114,0.00001,1.56552
1.89600,0.22174,0.00001,1.56552
1.89800,0.22233,0.00001,1.56552
1.90000,0.22293,0.00001,1.56552
1.90200,0.22352,0.00001,1.56552
1.90400,0.22412,0.00002,1.56552
1.90600,0.22471,0.00002,1.56552
1.90800,0.22531,0.00002,1.56553
1.91000,0.22590,0.00002,1.56553
1.91200,0.22650,0.00002,1.56553
1.91400,0.22709,0.00002,1.56553
1.91600,0.22769,0.00002,1.56553
1.91800,0.22828,0.00002,1.56553
1.92000,0.22888,0.00002,1.56553
1.92200,0.22947,0.00002,1.56553
1.92400,0.23007,0.00002,1.56553
1.92600,0.23066,0.00002,1.56553
1.92800,0.23126,0.00002,1.56553
1.93000,0.23185,0.00002,1.56553
1.93200,0.23245,0.00002,1.56553
1.93400,0.23304,0.00002,1.56553
1.93600,0.23364,0.00002,1.56553
1.93800,0.23423,0.00002,1.56553
1.94000,0.23483,0.00002,1.56553
1.94200,0.23542,0.00002,1.56553
1.94400,0.23602,0.00002,1.56553
1.94600,0.23661,0.00002,1.56553
1.94800,0.23721,0.00002,1.56553
1.95000,0.23780,0.00002,1.56553
1.95200,0.23840,0.00002,1.56553
1.95400,0.23899,0.00002,1.56553
1.95600,0.23959,0.00002,1.56553
1.95800,0.24018,0.00002,1.56553
1.96000,0.24078,0.00002,1.56553
1.96200,0.24137,0.00002,1.56553
1.96400,0.24197,0.00002,1.56553
1.96600,0.24257,0.00002,1.56553
1.96800,0.24316,0.00002,1.56553
1.97000,0.24376,0.00002,1.56553
1.97200,0.24435,0.00002,1.56553
1.97400,0.24495,0.00002,1.56553
1.97600,0.24554,0.00002,1.56553
1.97800,0.24614,0.00002,1.56553
1.98000,0.24673,0.00002,1.56553
1.98200,0.24733,0.00002,1.56553
1.98400,0.24793,0.00002,1.56553
1.98600,0.24852,0.00002,1.56553
1.98800,0.24912,0.00002,1.56553
1.99000,0.24971,0.00002,1.56553
1.99200,0.25031,0.00002,1.56553
1.99400,0.25090,0.00002,1.56553
1.99600,0.25150,0.00002,1.56553
1.99800,0.25210,0.00002,1.56553
2.00000,0.25269,0.00002,1.56553
