t,urdf_shoulder,urdf_elbow,hand_shoulder,hand_elbow,hand_euler_shoulder,hand_euler_elbow
0.000000,0.000000,0.000000,0.000000,0.000000,0.000000,0.000000
0.002000,0.000173,-0.000246,0.000173,-0.000246,0.000173,-0.000246
0.004000,0.000516,-0.000730,0.000516,-0.000730,0.000516,-0.000730
0.006000,0.001029,-0.001446,0.001029,-0.001446,0.001029,-0.001446
0.008000,0.001709,-0.002387,0.001709,-0.002387,0.001709,-0.002387
0.010000,0.002554,-0.003545,0.002554,-0.003545,0.002554,-0.003545
0.012000,0.003563,-0.004916,0.003563,-0.004916,0.003563,-0.004916
0.014000,0.004734,-0.006491,0.004734,-0.006491,0.004734,-0.006491
0.016000,0.006065,-0.008266,0.006065,-0.008266,0.006065,-0.008266
0.018000,0.007556,-0.010235,0.007556,-0.010235,0.007556,-0.010235
0.020000,0.009203,-0.012390,0.009203,-0.012390,0.009203,-0.012390
0.022000,0.011006,-0.014728,0.011006,-0.014728,0.011006,-0.014728
0.024000,0.012964,-0.017241,0.012964,-0.017241,0.012964,-0.017241
0.026000,0.015074,-0.019925,0.015074,-0.019925,0.015074,-0.019925
0.028000,0.017336,-0.022774,0.017336,-0.022774,0.017336,-0.022774
0.030000,0.019748,-0.025784,0.019748,-0.025784,0.019748,-0.025784
0.032000,0.022308,-0.028948,0.022308,-0.028948,0.022308,-0.028948
0.034000,0.025016,-0.032263,0.025016,-0.032263,0.025016,-0.032263
0.036000,0.027869,-0.035722,0.027869,-0.035722,0.027869,-0.035722
0.038000,0.030867,-0.039321,0.030867,-0.039321,0.030867,-0.039321
0.040000,0.034009,-0.043056,0.034009,-0.043056,0.034009,-0.043056
0.042000,0.037292,-0.046921,0.037292,-0.046921,0.037292,-0.046921
0.044000,0.040717,-0.050913,0.040717,-0.050913,0.040717,-0.050913
0.046000,0.044281,-0.055025,0.044281,-0.055025,0.044281,-0.055025
0.048000,0.047984,-0.059255,0.047984,-0.059255,0.047984,-0.059255
0.050000,0.051823,-0.063596,0.051823,-0.063596,0.051823,-0.063596
0.052000,0.055799,-0.068046,0.055799,-0.068046,0.055799,-0.068046
0.054000,0.059910,-0.072599,0.059910,-0.072599,0.059910,-0.072599
0.056000,0.064154,-0.077251,0.064154,-0.077251,0.064154,-0.077251
0.058000,0.068531,-0.081999,0.068531,-0.081999,0.068531,-0.081999
0.060000,0.073039,-0.086836,0.073039,-0.086836,0.073039,-0.086836
0.062000,0.077677,-0.091760,0.077677,-0.091760,0.077677,-0.091760
0.064000,0.082445,-0.096765,0.082445,-0.096765,0.082445,-0.096765
0.066000,0.087341,-0.101848,0.087341,-0.101848,0.087341,-0.101848
0.068000,0.092363,-0.107005,0.092363,-0.107005,0.092363,-0.107005
0.070000,0.097511,-0.112230,0.097511,-0.112230,0.097511,-0.112230
0.072000,0.102784,-0.117521,0.102784,-0.117521,0.102784,-0.117521
0.074000,0.108180,-0.122872,0.108180,-0.122872,0.108180,-0.122872
0.076000,0.113699,-0.128280,0.113699,-0.128280,0.113699,-0.128280
0.078000,0.119339,-0.133739,0.119339,-0.133739,0.119339,-0.133739
0.080000,0.125099,-0.139247,0.125099,-0.139247,0.125099,-0.139247
0.082000,0.130978,-0.144798,0.130978,-0.144798,0.130978,-0.144798
0.084000,0.136975,-0.150389,0.136975,-0.150389,0.136975,-0.150389
0.086000,0.143089,-0.156015,0.143089,-0.156015,0.143089,-0.156015
0.088000,0.149318,-0.161671,0.149318,-0.161671,0.149318,-0.161671
0.090000,0.155662,-0.167355,0.155662,-0.167355,0.155662,-0.167355
0.092000,0.162120,-0.173060,0.162120,-0.173060,0.162120,-0.173060
0.094000,0.168689,-0.178784,0.168689,-0.178784,0.168689,-0.178784
0.096000,0.175370,-0.184521,0.175370,-0.184521,0.175370,-0.184521
0.098000,0.182161,-0.190267,0.182161,-0.190267,0.182161,-0.190267
0.100000,0.189061,-0.196018,0.189061,-0.196018,0.189061,-0.196018
0.102000,0.196068,-0.201770,0.196068,-0.201770,0.196068,-0.201770
0.104000,0.203182,-0.207518,0.203182,-0.207518,0.203182,-0.207518
0.106000,0.210401,-0.213257,0.210401,-0.213257,0.210401,-0.213257
0.108000,0.217725,-0.218984,0.217725,-0.218984,0.217725,-0.218984
0.110000,0.225151,-0.224694,0.225151,-0.224694,0.225151,-0.224694
0.112000,0.232680,-0.230382,0.232680,-0.230382,0.232680,-0.230382
0.114000,0.240309,-0.236045,0.240309,-0.236045,0.240309,-0.236045
0.116000,0.248038,-0.241677,0.248038,-0.241677,0.248038,-0.241677
0.118000,0.255865,-0.247274,0.255865,-0.247274,0.255865,-0.247274
0.120000,0.263789,-0.252831,0.263789,-0.252831,0.263789,-0.252831
0.122000,0.271808,-0.258345,0.271808,-0.258345,0.271808,-0.258345
0.124000,0.279923,-0.263810,0.279923,-0.263810,0.279923,-0.263810
0.126000,0.288131,-0.269223,0.288131,-0.269223,0.288131,-0.269223
0.128000,0.296430,-0.274578,0.296430,-0.274578,0.296430,-0.274578
0.130000,0.304821,-0.279871,0.304821,-0.279871,0.304821,-0.279871
0.132000,0.313302,-0.285098,0.313302,-0.285098,0.313302,-0.285098
0.134000,0.321871,-0.290254,0.321871,-0.290254,0.321871,-0.290254
0.136000,0.330527,-0.295335,0.330527,-0.295335,0.330527,-0.295335
0.138000,0.339268,-0.300336,0.339268,-0.300336,0.339268,-0.300336
0.140000,0.348095,-0.305253,0.348095,-0.305253,0.348095,-0.305253
0.142000,0.357004,-0.310081,0.357004,-0.310081,0.357004,-0.310081
0.144000,0.365995,-0.314816,0.365995,-0.314816,0.365995,-0.314816
0.146000,0.375067,-0.319454,0.375067,-0.319454,0.375067,-0.319454
0.148000,0.384218,-0.323989,0.384218,-0.323989,0.384218,-0.323989
0.150000,0.393447,-0.328419,0.393447,-0.328419,0.393447,-0.328419
0.152000,0.402752,-0.332737,0.402752,-0.332737,0.402752,-0.332737
0.154000,0.412133,-0.336941,0.412133,-0.336941,0.412133,-0.336941
0.156000,0.421587,-0.341025,0.421587,-0.341025,0.421587,-0.341025
0.158000,0.431114,-0.344986,0.431114,-0.344986,0.431114,-0.344986
0.160000,0.440712,-0.348819,0.440712,-0.348819,0.440712,-0.348819
0.162000,0.450379,-0.352519,0.450379,-0.352519,0.450379,-0.352519
0.164000,0.460114,-0.356084,0.460114,-0.356084,0.460114,-0.356084
0.166000,0.469916,-0.359508,0.469916,-0.359508,0.469916,-0.359508
0.168000,0.479783,-0.362788,0.479783,-0.362788,0.479783,-0.362788
0.170000,0.489714,-0.365920,0.489714,-0.365920,0.489714,-0.365920
0.172000,0.499708,-0.368899,0.499708,-0.368899,0.499708,-0.368899
0.174000,0.509762,-0.371722,0.509762,-0.371722,0.509762,-0.371722
0.176000,0.519875,-0.374385,0.519875,-0.374385,0.519875,-0.374385
0.178000,0.530046,-0.376884,0.530046,-0.376884,0.530046,-0.376884
0.180000,0.540274,-0.379215,0.540274,-0.379215,0.540274,-0.379215
0.182000,0.550557,-0.381376,0.550557,-0.381376,0.550557,-0.381376
0.184000,0.560892,-0.383361,0.560892,-0.383361,0.560892,-0.383361
0.186000,0.571280,-0.385168,0.571280,-0.385168,0.571280,-0.385168
0.188000,0.581718,-0.386794,0.581718,-0.386794,0.581718,-0.386794
0.190000,0.592204,-0.388235,0.592204,-0.388235,0.592204,-0.388235
0.192000,0.602738,-0.389487,0.602738,-0.389487,0.602738,-0.389487
0.194000,0.613317,-0.390549,0.613317,-0.390549,0.613317,-0.390549
0.196000,0.623940,-0.391416,0.623940,-0.391416,0.623940,-0.391416
0.198000,0.634606,-0.392087,0.634606,-0.392087,0.634606,-0.392087
0.200000,0.645312,-0.392557,0.645312,-0.392557,0.645312,-0.392557
0.202000,0.656058,-0.392826,0.656058,-0.392826,0.656058,-0.392826
0.204000,0.666842,-0.392889,0.666842,-0.392889,0.666842,-0.392889
0.206000,0.677662,-0.392746,0.677662,-0.392746,0.677662,-0.392746
0.208000,0.688517,-0.392392,0.688517,-0.392392,0.688517,-0.392392
0.210000,0.699405,-0.391828,0.699405,-0.391828,0.699405,-0.391828
0.212000,0.710325,-0.391050,0.710325,-0.391050,0.710325,-0.391050
0.214000,0.721275,-0.390057,0.721275,-0.390057,0.721275,-0.390057
0.216000,0.732254,-0.388848,0.732254,-0.388848,0.732254,-0.388848
0.218000,0.743260,-0.387421,0.743260,-0.387421,0.743260,-0.387421
0.220000,0.754292,-0.385774,0.754292,-0.385774,0.754292,-0.385774
0.222000,0.765348,-0.383908,0.765348,-0.383908,0.765348,-0.383908
0.224000,0.776428,-0.381820,0.776428,-0.381820,0.776428,-0.381820
0.226000,0.787529,-0.379512,0.787529,-0.379512,0.787529,-0.379512
0.228000,0.798651,-0.376981,0.798651,-0.376981,0.798651,-0.376981
0.230000,0.809791,-0.374229,0.809791,-0.374229,0.809791,-0.374229
0.232000,0.820950,-0.371255,0.820950,-0.371255,0.820950,-0.371255
0.234000,0.832126,-0.368060,0.832126,-0.368060,0.832126,-0.368060
0.236000,0.843316,-0.364645,0.843316,-0.364645,0.843316,-0.364645
0.238000,0.854522,-0.361009,0.854522,-0.361009,0.854522,-0.361009
0.240000,0.865741,-0.357155,0.865741,-0.357155,0.865741,-0.357155
0.242000,0.876972,-0.353084,0.876972,-0.353084,0.876972,-0.353084
0.244000,0.888215,-0.348798,0.888215,-0.348798,0.888215,-0.348798
0.246000,0.899469,-0.344299,0.899469,-0.344299,0.899469,-0.344299
0.248000,0.910732,-0.339588,0.910732,-0.339588,0.910732,-0.339588
0.250000,0.922005,-0.334670,0.922005,-0.334670,0.922005,-0.334670
0.252000,0.933287,-0.329546,0.933287,-0.329546,0.933287,-0.329546
0.254000,0.944576,-0.324220,0.944576,-0.324220,0.944576,-0.324220
0.256000,0.955873,-0.318696,0.955873,-0.318696,0.955873,-0.318696
0.258000,0.967178,-0.312978,0.967178,-0.312978,0.967178,-0.312978
0.260000,0.978489,-0.307069,0.978489,-0.307069,0.978489,-0.307069
0.262000,0.989807,-0.300975,0.989807,-0.300975,0.989807,-0.300975
0.264000,1.001132,-0.294701,1.001132,-0.294701,1.001132,-0.294701
0.266000,1.012463,-0.288251,1.012463,-0.288251,1.012463,-0.288251
0.268000,1.023801,-0.281632,1.023801,-0.281632,1.023801,-0.281632
0.270000,1.035146,-0.274850,1.035146,-0.274850,1.035146,-0.274850
0.272000,1.046498,-0.267910,1.046498,-0.267910,1.046498,-0.267910
0.274000,1.057858,-0.260820,1.057858,-0.260820,1.057858,-0.260820
0.276000,1.069225,-0.253586,1.069225,-0.253586,1.069225,-0.253586
0.278000,1.080601,-0.246216,1.080601,-0.246216,1.080601,-0.246216
0.280000,1.091987,-0.238717,1.091987,-0.238717,1.091987,-0.238717
0.282000,1.103382,-0.231097,1.103382,-0.231097,1.103382,-0.231097
0.284000,1.114788,-0.223365,1.114788,-0.223365,1.114788,-0.223365
0.286000,1.126205,-0.215528,1.126205,-0.215528,1.126205,-0.215528
0.288000,1.137635,-0.207596,1.137635,-0.207596,1.137635,-0.207596
0.290000,1.149079,-0.199577,1.149079,-0.199577,1.149079,-0.199577
0.292000,1.160537,-0.191480,1.160537,-0.191480,1.160537,-0.191480
0.294000,1.172011,-0.183314,1.172011,-0.183314,1.172011,-0.183314
0.296000,1.183502,-0.175090,1.183502,-0.175090,1.183502,-0.175090
0.298000,1.195012,-0.166816,1.195012,-0.166816,1.195012,-0.166816
0.300000,1.206541,-0.158502,1.206541,-0.158502,1.206541,-0.158502
0.302000,1.218091,-0.150159,1.218091,-0.150159,1.218091,-0.150159
0.304000,1.229663,-0.141794,1.229663,-0.141794,1.229663,-0.141794
0.306000,1.241259,-0.133420,1.241259,-0.133420,1.241259,-0.133420
0.308000,1.252879,-0.125044,1.252879,-0.125044,1.252879,-0.125044
0.310000,1.264526,-0.116678,1.264526,-0.116678,1.264526,-0.116678
0.312000,1.276201,-0.108330,1.276201,-0.108330,1.276201,-0.108330
0.314000,1.287904,-0.100010,1.287904,-0.100010,1.287904,-0.100010
0.316000,1.299638,-0.091729,1.299638,-0.091729,1.299638,-0.091729
0.318000,1.311403,-0.083494,1.311403,-0.083494,1.311403,-0.083494
0.320000,1.323201,-0.075316,1.323201,-0.075316,1.323201,-0.075316
0.322000,1.335032,-0.067202,1.335032,-0.067202,1.335032,-0.067202
0.324000,1.346897,-0.059163,1.346897,-0.059163,1.346897,-0.059163
0.326000,1.358799,-0.051205,1.358799,-0.051205,1.358799,-0.051205
0.328000,1.370737,-0.043338,1.370737,-0.043338,1.370737,-0.043338
0.330000,1.382712,-0.035569,1.382712,-0.035569,1.382712,-0.035569
0.332000,1.394725,-0.027905,1.394725,-0.027905,1.394725,-0.027905
0.334000,1.406776,-0.020355,1.406776,-0.020355,1.406776,-0.020355
0.336000,1.418867,-0.012923,1.418867,-0.012923,1.418867,-0.012923
0.338000,1.430997,-0.005618,1.430997,-0.005618,1.430997,-0.005618
0.340000,1.443166,0.001555,1.443166,0.001555,1.443166,0.001555
0.342000,1.455376,0.008591,1.455376,0.008591,1.455376,0.008591
0.344000,1.467625,0.015484,1.467625,0.015484,1.467625,0.015484
0.346000,1.479913,0.022229,1.479913,0.022229,1.479913,0.022229
0.348000,1.492241,0.028822,1.492241,0.028822,1.492241,0.028822
0.350000,1.504608,0.035259,1.504608,0.035259,1.504608,0.035259
0.352000,1.517014,0.041537,1.517014,0.041537,1.517014,0.041537
0.354000,1.529457,0.047652,1.529457,0.047652,1.529457,0.047652
0.356000,1.541938,0.053601,1.541938,0.053601,1.541938,0.053601
0.358000,1.554455,0.059382,1.554455,0.059382,1.554455,0.059382
0.360000,1.567008,0.064994,1.567008,0.064994,1.567008,0.064994
0.362000,1.579595,0.070434,1.579595,0.070434,1.579595,0.070434
0.364000,1.589628,0.082841,1.589628,0.082841,1.589628,0.082841
0.366000,1.597513,0.101039,1.597513,0.101039,1.597513,0.101039
0.368000,1.603596,0.124019,1.603596,0.124019,1.603596,0.124019
0.370000,1.608173,0.150916,1.608173,0.150916,1.608173,0.150916
0.372000,1.611497,0.180991,1.611497,0.180991,1.611497,0.180991
0.374000,1.613783,0.213613,1.613783,0.213613,1.613783,0.213613
0.376000,1.615216,0.248244,1.615216,0.248244,1.615216,0.248244
0.378000,1.615950,0.284427,1.615950,0.284427,1.615950,0.284427
0.380000,1.616118,0.321775,1.616118,0.321775,1.616118,0.321775
0.382000,1.615831,0.359962,1.615831,0.359962,1.615831,0.359962
0.384000,1.615183,0.398713,1.615183,0.398713,1.615183,0.398713
0.386000,1.614253,0.437800,1.614253,0.437800,1.614253,0.437800
0.388000,1.613106,0.477032,1.613106,0.477032,1.613106,0.477032
0.390000,1.611799,0.516253,1.611799,0.516253,1.611799,0.516253
0.392000,1.610376,0.555335,1.610376,0.555335,1.610376,0.555335
0.394000,1.608874,0.594173,1.608874,0.594173,1.608874,0.594173
0.396000,1.607325,0.632682,1.607325,0.632682,1.607325,0.632682
0.398000,1.605753,0.670797,1.605753,0.670797,1.605753,0.670797
0.400000,1.604178,0.708465,1.604178,0.708465,1.604178,0.708465
0.402000,1.602617,0.745645,1.602617,0.745645,1.602617,0.745645
0.404000,1.601082,0.782306,1.601082,0.782306,1.601082,0.782306
0.406000,1.599583,0.818427,1.599583,0.818427,1.599583,0.818427
0.408000,1.598127,0.853991,1.598127,0.853991,1.598127,0.853991
0.410000,1.596720,0.888988,1.596720,0.888988,1.596720,0.888988
0.412000,1.595365,0.923413,1.595365,0.923413,1.595365,0.923413
0.414000,1.594066,0.957262,1.594066,0.957262,1.594066,0.957262
0.416000,1.592822,0.990535,1.592822,0.990535,1.592822,0.990535
0.418000,1.591636,1.023236,1.591636,1.023236,1.591636,1.023236
0.420000,1.590507,1.055368,1.590507,1.055368,1.590507,1.055368
0.422000,1.589433,1.086936,1.589433,1.086936,1.589433,1.086936
0.424000,1.588415,1.117947,1.588415,1.117947,1.588415,1.117947
0.426000,1.587449,1.148408,1.587449,1.148408,1.587449,1.148408
0.428000,1.586536,1.178325,1.586536,1.178325,1.586536,1.178325
0.430000,1.585672,1.207706,1.585672,1.207706,1.585672,1.207706
0.432000,1.584856,1.236560,1.584856,1.236560,1.584856,1.236560
0.434000,1.584085,1.264893,1.584085,1.264893,1.584085,1.264893
0.436000,1.583358,1.292713,1.583358,1.292713,1.583358,1.292713
0.438000,1.582672,1.320029,1.582672,1.320029,1.582672,1.320029
0.440000,1.582026,1.346847,1.582026,1.346847,1.582026,1.346847
0.442000,1.581416,1.373176,1.581416,1.373176,1.581416,1.373176
0.444000,1.580842,1.399022,1.580842,1.399022,1.580842,1.399022
0.446000,1.580300,1.424391,1.580300,1.424391,1.580300,1.424391
0.448000,1.579790,1.449292,1.579790,1.449292,1.579790,1.449292
0.450000,1.579309,1.473731,1.579309,1.473731,1.579309,1.473731
0.452000,1.578855,1.497714,1.578855,1.497714,1.578855,1.497714
0.454000,1.578428,1.521247,1.578428,1.521247,1.578428,1.521247
0.456000,1.578024,1.544336,1.578024,1.544336,1.578024,1.544336
0.458000,1.577644,1.566988,1.577644,1.566988,1.577644,1.566988
0.460000,1.577285,1.589207,1.577285,1.589207,1.577285,1.589207
0.462000,1.576945,1.611001,1.576945,1.611001,1.576945,1.611001
0.464000,1.576625,1.632374,1.576625,1.632374,1.576625,1.632374
0.466000,1.576322,1.653331,1.576322,1.653331,1.576322,1.653331
0.468000,1.576036,1.673878,1.576036,1.673878,1.576036,1.673878
0.470000,1.575765,1.694021,1.575765,1.694021,1.575765,1.694021
0.472000,1.575509,1.713763,1.575509,1.713763,1.575509,1.713763
0.474000,1.575266,1.733110,1.575266,1.733110,1.575266,1.733110
0.476000,1.575036,1.752067,1.575036,1.752067,1.575036,1.752067
0.478000,1.574818,1.770639,1.574818,1.770639,1.574818,1.770639
0.480000,1.574611,1.788830,1.574611,1.788830,1.574611,1.788830
0.482000,1.574415,1.806645,1.574415,1.806645,1.574415,1.806645
0.484000,1.574228,1.824089,1.574228,1.824089,1.574228,1.824089
0.486000,1.574051,1.841166,1.574051,1.841166,1.574051,1.841166
0.488000,1.573883,1.857880,1.573883,1.857880,1.573883,1.857880
0.490000,1.573723,1.874237,1.573723,1.874237,1.573723,1.874237
0.492000,1.573570,1.890240,1.573570,1.890240,1.573570,1.890240
0.494000,1.573425,1.905894,1.573425,1.905894,1.573425,1.905894
0.496000,1.573287,1.921203,1.573287,1.921203,1.573287,1.921203
0.498000,1.573156,1.936171,1.573156,1.936171,1.573156,1.936171
0.500000,1.573031,1.950803,1.573031,1.950803,1.573031,1.950803
0.502000,1.572911,1.965102,1.572911,1.965102,1.572911,1.965102
0.504000,1.572797,1.979074,1.572797,1.979074,1.572797,1.979074
0.506000,1.572688,1.992721,1.572688,1.992721,1.572688,1.992721
0.508000,1.572585,2.006047,1.572585,2.006047,1.572585,2.006047
0.510000,1.572486,2.019058,1.572486,2.019058,1.572486,2.019058
0.512000,1.572391,2.031756,1.572391,2.031756,1.572391,2.031756
0.514000,1.572301,2.044146,1.572301,2.044146,1.572301,2.044146
0.516000,1.572215,2.056231,1.572215,2.056231,1.572215,2.056231
0.518000,1.572133,2.068016,1.572133,2.068016,1.572133,2.068016
0.520000,1.572054,2.079503,1.572054,2.079503,1.572054,2.079503
0.522000,1.571979,2.090697,1.571979,2.090697,1.571979,2.090697
0.524000,1.571907,2.101602,1.571907,2.101602,1.571907,2.101602
0.526000,1.571837,2.112221,1.571837,2.112221,1.571837,2.112221
0.528000,1.571765,2.122557,1.571765,2.122557,1.571765,2.122557
0.530000,1.571689,2.132615,1.571689,2.132615,1.571689,2.132615
0.532000,1.571608,2.142398,1.571608,2.142398,1.571608,2.142398
0.534000,1.571518,2.151910,1.571518,2.151910,1.571518,2.151910
0.536000,1.571418,2.161153,1.571418,2.161153,1.571418,2.161153
0.538000,1.571307,2.170130,1.571307,2.170130,1.571307,2.170130
0.540000,1.571182,2.178846,1.571182,2.178846,1.571182,2.178846
0.542000,1.571040,2.187302,1.571040,2.187302,1.571040,2.187302
0.544000,1.570882,2.195501,1.570882,2.195501,1.570882,2.195501
0.546000,1.570705,2.203448,1.570705,2.203448,1.570705,2.203448
0.548000,1.570507,2.211143,1.570507,2.211143,1.570507,2.211143
0.550000,1.570288,2.218591,1.570288,2.218591,1.570288,2.218591
0.552000,1.570045,2.225793,1.570045,2.225793,1.570045,2.225793
0.554000,1.569777,2.232751,1.569777,2.232751,1.569777,2.232751
0.556000,1.569484,2.239470,1.569484,2.239470,1.569484,2.239470
0.558000,1.569164,2.245950,1.569164,2.245950,1.569164,2.245950
0.560000,1.568815,2.252195,1.568815,2.252195,1.568815,2.252195
0.562000,1.568438,2.258207,1.568438,2.258207,1.568438,2.258207
0.564000,1.568031,2.263987,1.568031,2.263987,1.568031,2.263987
0.566000,1.567593,2.269539,1.567593,2.269539,1.567593,2.269539
0.568000,1.567123,2.274864,1.567123,2.274864,1.567123,2.274864
0.570000,1.566620,2.279964,1.566620,2.279964,1.566620,2.279964
0.572000,1.566085,2.284842,1.566085,2.284842,1.566085,2.284842
0.574000,1.565516,2.289499,1.565516,2.289499,1.565516,2.289499
0.576000,1.564913,2.293938,1.564913,2.293938,1.564913,2.293938
0.578000,1.564274,2.298161,1.564274,2.298161,1.564274,2.298161
0.580000,1.563601,2.302169,1.563601,2.302169,1.563601,2.302169
0.582000,1.562892,2.305964,1.562892,2.305964,1.562892,2.305964
0.584000,1.562147,2.309549,1.562147,2.309549,1.562147,2.309549
0.586000,1.561365,2.312924,1.561365,2.312924,1.561365,2.312924
0.588000,1.560548,2.316092,1.560548,2.316092,1.560548,2.316092
0.590000,1.559693,2.319055,1.559693,2.319055,1.559693,2.319055
0.592000,1.558802,2.321814,1.558802,2.321814,1.558802,2.321814
0.594000,1.557874,2.324371,1.557874,2.324371,1.557874,2.324371
0.596000,1.556908,2.326727,1.556908,2.326727,1.556908,2.326727
0.598000,1.555906,2.328884,1.555906,2.328884,1.555906,2.328884
0.600000,1.554867,2.330844,1.554867,2.330844,1.554867,2.330844
0.602000,1.553791,2.332609,1.553791,2.332609,1.553791,2.332609
0.604000,1.552678,2.334178,1.552678,2.334178,1.552678,2.334178
0.606000,1.551529,2.335555,1.551529,2.335555,1.551529,2.335555
0.608000,1.550344,2.336741,1.550344,2.336741,1.550344,2.336741
0.610000,1.549122,2.337736,1.549122,2.337736,1.549122,2.337736
0.612000,1.547865,2.338543,1.547865,2.338543,1.547865,2.338543
0.614000,1.546572,2.339162,1.546572,2.339162,1.546572,2.339162
0.616000,1.545244,2.339596,1.545244,2.339596,1.545244,2.339596
0.618000,1.543881,2.339845,1.543881,2.339845,1.543881,2.339845
0.620000,1.542483,2.339910,1.542483,2.339910,1.542483,2.339910
0.622000,1.541052,2.339793,1.541052,2.339793,1.541052,2.339793
0.624000,1.539588,2.339495,1.539588,2.339495,1.539588,2.339495
0.626000,1.538090,2.339017,1.538090,2.339017,1.538090,2.339017
0.628000,1.536560,2.338361,1.536560,2.338361,1.536560,2.338361
0.630000,1.534999,2.337526,1.534999,2.337526,1.534999,2.337526
0.632000,1.533406,2.336515,1.533406,2.336515,1.533406,2.336515
0.634000,1.531782,2.335329,1.531782,2.335329,1.531782,2.335329
0.636000,1.530129,2.333968,1.530129,2.333968,1.530129,2.333968
0.638000,1.528446,2.332434,1.528446,2.332434,1.528446,2.332434
0.640000,1.526735,2.330727,1.526735,2.330727,1.526735,2.330727
0.642000,1.524996,2.328848,1.524996,2.328848,1.524996,2.328848
0.644000,1.523230,2.326799,1.523230,2.326799,1.523230,2.326799
0.646000,1.521437,2.324580,1.521437,2.324580,1.521437,2.324580
0.648000,1.519619,2.322192,1.519619,2.322192,1.519619,2.322192
0.650000,1.517776,2.319635,1.517776,2.319635,1.517776,2.319635
0.652000,1.515910,2.316912,1.515910,2.316912,1.515910,2.316912
0.654000,1.514020,2.314021,1.514020,2.314021,1.514020,2.314021
0.656000,1.512109,2.310966,1.512109,2.310966,1.512109,2.310966
0.658000,1.510176,2.307744,1.510176,2.307744,1.510176,2.307744
0.660000,1.508223,2.304359,1.508223,2.304359,1.508223,2.304359
0.662000,1.506250,2.300810,1.506250,2.300810,1.506250,2.300810
0.664000,1.504259,2.297098,1.504259,2.297098,1.504259,2.297098
0.666000,1.502251,2.293223,1.502251,2.293223,1.502251,2.293223
0.668000,1.500226,2.289187,1.500226,2.289187,1.500226,2.289187
0.670000,1.498186,2.284989,1.498186,2.284989,1.498186,2.284989
0.672000,1.496132,2.280631,1.496132,2.280631,1.496132,2.280631
0.674000,1.494064,2.276112,1.494064,2.276112,1.494064,2.276112
0.676000,1.491984,2.271434,1.491984,2.271434,1.491984,2.271434
0.678000,1.489893,2.266597,1.489893,2.266597,1.489893,2.266597
0.680000,1.487792,2.261601,1.487792,2.261601,1.487792,2.261601
0.682000,1.485682,2.256447,1.485682,2.256447,1.485682,2.256447
0.684000,1.483564,2.251135,1.483564,2.251135,1.483564,2.251135
0.686000,1.481439,2.245666,1.481439,2.245666,1.481439,2.245666
0.688000,1.479309,2.240040,1.479309,2.240040,1.479309,2.240040
0.690000,1.477175,2.234257,1.477175,2.234257,1.477175,2.234257
0.692000,1.475037,2.228317,1.475037,2.228317,1.475037,2.228317
0.694000,1.472897,2.222222,1.472897,2.222222,1.472897,2.222222
0.696000,1.470757,2.215971,1.470757,2.215971,1.470757,2.215971
0.698000,1.468616,2.209564,1.468616,2.209564,1.468616,2.209564
0.700000,1.466478,2.203002,1.466478,2.203002,1.466478,2.203002
0.702000,1.464342,2.196286,1.464342,2.196286,1.464342,2.196286
0.704000,1.462211,2.189414,1.462211,2.189414,1.462211,2.189414
0.706000,1.460085,2.182388,1.460085,2.182388,1.460085,2.182388
0.708000,1.457965,2.175208,1.457965,2.175208,1.457965,2.175208
0.710000,1.455854,2.167873,1.455854,2.167873,1.455854,2.167873
0.712000,1.453751,2.160384,1.453751,2.160384,1.453751,2.160384
0.714000,1.451659,2.152741,1.451659,2.152741,1.451659,2.152741
0.716000,1.449579,2.144944,1.449579,2.144944,1.449579,2.144944
0.718000,1.447512,2.136994,1.447512,2.136994,1.447512,2.136994
0.720000,1.445459,2.128889,1.445459,2.128889,1.445459,2.128889
0.722000,1.443422,2.120631,1.443422,2.120631,1.443422,2.120631
0.724000,1.441402,2.112219,1.441402,2.112219,1.441402,2.112219
0.726000,1.439400,2.103653,1.439400,2.103653,1.439400,2.103653
0.728000,1.437418,2.094933,1.437418,2.094933,1.437418,2.094933
0.730000,1.435457,2.086060,1.435457,2.086060,1.435457,2.086060
0.732000,1.433518,2.077032,1.433518,2.077032,1.433518,2.077032
0.734000,1.431602,2.067850,1.431602,2.067850,1.431602,2.067850
0.736000,1.429712,2.058514,1.429712,2.058514,1.429712,2.058514
0.738000,1.427848,2.049024,1.427848,2.049024,1.427848,2.049024
0.740000,1.426011,2.039379,1.426011,2.039379,1.426011,2.039379
0.742000,1.424204,2.029580,1.424204,2.029580,1.424204,2.029580
0.744000,1.422426,2.019625,1.422426,2.019625,1.422426,2.019625
0.746000,1.420681,2.009516,1.420681,2.009516,1.420681,2.009516
0.748000,1.418968,1.999251,1.418968,1.999251,1.418968,1.999251
0.750000,1.417290,1.988830,1.417290,1.988830,1.417290,1.988830
0.752000,1.415647,1.978254,1.415647,1.978254,1.415647,1.978254
0.754000,1.414041,1.967521,1.414041,1.967521,1.414041,1.967521
0.756000,1.412473,1.956631,1.412473,1.956631,1.412473,1.956631
0.758000,1.410945,1.945585,1.410945,1.945585,1.410945,1.945585
0.760000,1.409457,1.934381,1.409457,1.934381,1.409457,1.934381
0.762000,1.408012,1.923020,1.408012,1.923020,1.408012,1.923020
0.764000,1.406610,1.911500,1.406610,1.911500,1.406610,1.911500
0.766000,1.405253,1.899822,1.405253,1.899822,1.405253,1.899822
0.768000,1.403942,1.887984,1.403942,1.887984,1.403942,1.887984
0.770000,1.402678,1.875987,1.402678,1.875987,1.402678,1.875987
0.772000,1.401463,1.863830,1.401463,1.863830,1.401463,1.863830
0.774000,1.400298,1.851511,1.400298,1.851511,1.400298,1.851511
0.776000,1.399184,1.839032,1.399184,1.839032,1.399184,1.839032
0.778000,1.398122,1.826391,1.398122,1.826391,1.398122,1.826391
0.780000,1.397114,1.813587,1.397114,1.813587,1.397114,1.813587
0.782000,1.396160,1.800620,1.396160,1.800620,1.396160,1.800620
0.784000,1.395263,1.787489,1.395263,1.787489,1.395263,1.787489
0.786000,1.394423,1.774193,1.394423,1.774193,1.394423,1.774193
0.788000,1.393641,1.760732,1.393641,1.760732,1.393641,1.760732
0.790000,1.392919,1.747106,1.392919,1.747106,1.392919,1.747106
0.792000,1.392258,1.733312,1.392258,1.733312,1.392258,1.733312
0.794000,1.391658,1.719351,1.391658,1.719351,1.391658,1.719351
0.796000,1.391122,1.705221,1.391122,1.705221,1.391122,1.705221
0.798000,1.390650,1.690922,1.390650,1.690922,1.390650,1.690922
0.800000,1.390244,1.676453,1.390244,1.676453,1.390244,1.676453
0.802000,1.389903,1.661812,1.389903,1.661812,1.389903,1.661812
0.804000,1.389631,1.647000,1.389631,1.647000,1.389631,1.647000
0.806000,1.389427,1.632015,1.389427,1.632015,1.389427,1.632015
0.808000,1.389293,1.616857,1.389293,1.616857,1.389293,1.616857
0.810000,1.389229,1.601523,1.389229,1.601523,1.389229,1.601523
0.812000,1.389237,1.586014,1.389237,1.586014,1.389237,1.586014
0.814000,1.389318,1.570328,1.389318,1.570328,1.389318,1.570328
0.816000,1.389473,1.554464,1.389473,1.554464,1.389473,1.554464
0.818000,1.389703,1.538422,1.389703,1.538422,1.389703,1.538422
0.820000,1.390008,1.522199,1.390008,1.522199,1.390008,1.522199
0.822000,1.390390,1.505796,1.390390,1.505796,1.390390,1.505796
0.824000,1.390850,1.489211,1.390850,1.489211,1.390850,1.489211
0.826000,1.391388,1.472444,1.391388,1.472444,1.391388,1.472444
0.828000,1.392006,1.455492,1.392006,1.455492,1.392006,1.455492
0.830000,1.392703,1.438355,1.392703,1.438355,1.392703,1.438355
0.832000,1.393482,1.421033,1.393482,1.421033,1.393482,1.421033
0.834000,1.394342,1.403523,1.394342,1.403523,1.394342,1.403523
0.836000,1.395285,1.385826,1.395285,1.385826,1.395285,1.385826
0.838000,1.396312,1.367940,1.396312,1.367940,1.396312,1.367940
0.840000,1.397422,1.349864,1.397422,1.349864,1.397422,1.349864
0.842000,1.398617,1.331597,1.398617,1.331597,1.398617,1.331597
0.844000,1.399897,1.313139,1.399897,1.313139,1.399897,1.313139
0.846000,1.401263,1.294489,1.401263,1.294489,1.401263,1.294489
0.848000,1.402715,1.275645,1.402715,1.275645,1.402715,1.275645
0.850000,1.404255,1.256609,1.404255,1.256609,1.404255,1.256609
0.852000,1.405881,1.237378,1.405881,1.237378,1.405881,1.237378
0.854000,1.407596,1.217953,1.407596,1.217953,1.407596,1.217953
0.856000,1.409398,1.198332,1.409398,1.198332,1.409398,1.198332
0.858000,1.411289,1.178517,1.411289,1.178517,1.411289,1.178517
0.860000,1.413268,1.158507,1.413268,1.158507,1.413268,1.158507
0.862000,1.415336,1.138303,1.415336,1.138303,1.415336,1.138303
0.864000,1.417492,1.117903,1.417492,1.117903,1.417492,1.117903
0.866000,1.419737,1.097310,1.419737,1.097310,1.419737,1.097310
0.868000,1.422071,1.076524,1.422071,1.076524,1.422071,1.076524
0.870000,1.424492,1.055546,1.424492,1.055546,1.424492,1.055546
0.872000,1.427002,1.034377,1.427002,1.034377,1.427002,1.034377
0.874000,1.429599,1.013019,1.429599,1.013019,1.429599,1.013019
0.876000,1.432283,0.991474,1.432283,0.991474,1.432283,0.991474
0.878000,1.435053,0.969745,1.435053,0.969745,1.435053,0.969745
0.880000,1.437908,0.947834,1.437908,0.947834,1.437908,0.947834
0.882000,1.440847,0.925745,1.440847,0.925745,1.440847,0.925745
0.884000,1.443869,0.903482,1.443869,0.903482,1.443869,0.903482
0.886000,1.446972,0.881048,1.446972,0.881048,1.446972,0.881048
0.888000,1.450156,0.858450,1.450156,0.858450,1.450156,0.858450
0.890000,1.453417,0.835692,1.453417,0.835692,1.453417,0.835692
0.892000,1.456754,0.812781,1.456754,0.812781,1.456754,0.812781
0.894000,1.460165,0.789724,1.460165,0.789724,1.460165,0.789724
0.896000,1.463647,0.766530,1.463647,0.766530,1.463647,0.766530
0.898000,1.467198,0.743207,1.467198,0.743207,1.467198,0.743207
0.900000,1.470813,0.719764,1.470813,0.719764,1.470813,0.719764
0.902000,1.474490,0.696212,1.474490,0.696212,1.474490,0.696212
0.904000,1.478225,0.672564,1.478225,0.672564,1.478225,0.672564
0.906000,1.482014,0.648831,1.482014,0.648831,1.482014,0.648831
0.908000,1.485852,0.625027,1.485852,0.625027,1.485852,0.625027
0.910000,1.489736,0.601168,1.489736,0.601168,1.489736,0.601168
0.912000,1.493659,0.577269,1.493659,0.577269,1.493659,0.577269
0.914000,1.497616,0.553347,1.497616,0.553347,1.497616,0.553347
0.916000,1.501602,0.529420,1.501602,0.529420,1.501602,0.529420
0.918000,1.505611,0.505507,1.505611,0.505507,1.505611,0.505507
0.920000,1.509636,0.481628,1.509636,0.481628,1.509636,0.481628
0.922000,1.513670,0.457805,1.513670,0.457805,1.513670,0.457805
0.924000,1.517708,0.434059,1.517708,0.434059,1.517708,0.434059
0.926000,1.521741,0.410412,1.521741,0.410412,1.521741,0.410412
0.928000,1.525763,0.386889,1.525763,0.386889,1.525763,0.386889
0.930000,1.529766,0.363511,1.529766,0.363511,1.529766,0.363511
0.932000,1.533743,0.340304,1.533743,0.340304,1.533743,0.340304
0.934000,1.537686,0.317290,1.537686,0.317290,1.537686,0.317290
0.936000,1.541588,0.294494,1.541588,0.294494,1.541588,0.294494
0.938000,1.545442,0.271940,1.545442,0.271940,1.545442,0.271940
0.940000,1.549240,0.249650,1.549240,0.249650,1.549240,0.249650
0.942000,1.552975,0.227646,1.552975,0.227646,1.552975,0.227646
0.944000,1.556641,0.205951,1.556641,0.205951,1.556641,0.205951
0.946000,1.560231,0.184584,1.560231,0.184584,1.560231,0.184584
0.948000,1.563739,0.163565,1.563739,0.163565,1.563739,0.163565
0.950000,1.567160,0.142911,1.567160,0.142911,1.567160,0.142911
0.952000,1.570488,0.122640,1.570488,0.122640,1.570488,0.122640
0.954000,1.573719,0.102766,1.573719,0.102766,1.573719,0.102766
0.956000,1.576283,0.084858,1.576283,0.084858,1.576283,0.084858
0.958000,1.578286,0.068617,1.578286,0.068617,1.578286,0.068617
0.960000,1.579820,0.053783,1.579820,0.053783,1.579820,0.053783
0.962000,1.580960,0.040136,1.580960,0.040136,1.580960,0.040136
0.964000,1.581774,0.027487,1.581774,0.027487,1.581774,0.027487
0.966000,1.582317,0.015677,1.582317,0.015677,1.582317,0.015677
0.968000,1.582638,0.004569,1.582638,0.004569,1.582638,0.004569
0.970000,1.582776,-0.005952,1.582776,-0.005952,1.582776,-0.005952
0.972000,1.582767,-0.015984,1.582767,-0.015984,1.582767,-0.015984
0.974000,1.582640,-0.025608,1.582640,-0.025608,1.582640,-0.025608
0.976000,1.582419,-0.034894,1.582419,-0.034894,1.582419,-0.034894
0.978000,1.582124,-0.043898,1.582124,-0.043898,1.582124,-0.043898
0.980000,1.581766,-0.052649,1.581766,-0.052649,1.581766,-0.052649
0.982000,1.581345,-0.061147,1.581345,-0.061147,1.581345,-0.061147
0.984000,1.580861,-0.069393,1.580861,-0.069393,1.580861,-0.069393
0.986000,1.580316,-0.077391,1.580316,-0.077391,1.580316,-0.077391
0.988000,1.579709,-0.085141,1.579709,-0.085141,1.579709,-0.085141
0.990000,1.579042,-0.092646,1.579042,-0.092646,1.579042,-0.092646
0.992000,1.578316,-0.099909,1.578316,-0.099909,1.578316,-0.099909
0.994000,1.577532,-0.106932,1.577532,-0.106932,1.577532,-0.106932
0.996000,1.576690,-0.113718,1.576690,-0.113718,1.576690,-0.113718
0.998000,1.575791,-0.120269,1.575791,-0.120269,1.575791,-0.120269
1.000000,1.574837,-0.126590,1.574837,-0.126590,1.574837,-0.126590
1.002000,1.573828,-0.132682,1.573828,-0.132682,1.573828,-0.132682
1.004000,1.572766,-0.138549,1.572766,-0.138549,1.572766,-0.138549
1.006000,1.571652,-0.144195,1.571652,-0.144195,1.571652,-0.144195
1.008000,1.570487,-0.149622,1.570487,-0.149622,1.570487,-0.149622
1.010000,1.569271,-0.154834,1.569271,-0.154834,1.569271,-0.154834
1.012000,1.568007,-0.159835,1.568007,-0.159835,1.568007,-0.159835
1.014000,1.566695,-0.164627,1.566695,-0.164627,1.566695,-0.164627
1.016000,1.565336,-0.169215,1.565336,-0.169215,1.565336,-0.169215
1.018000,1.563933,-0.173602,1.563933,-0.173602,1.563933,-0.173602
1.020000,1.562485,-0.177791,1.562485,-0.177791,1.562485,-0.177791
1.022000,1.560994,-0.181786,1.560994,-0.181786,1.560994,-0.181786
1.024000,1.559461,-0.185590,1.559461,-0.185590,1.559461,-0.185590
1.026000,1.557888,-0.189208,1.557888,-0.189208,1.557888,-0.189208
1.028000,1.556276,-0.192642,1.556276,-0.192642,1.556276,-0.192642
1.030000,1.554625,-0.195896,1.554625,-0.195896,1.554625,-0.195896
1.032000,1.552938,-0.198975,1.552938,-0.198975,1.552938,-0.198975
1.034000,1.551214,-0.201881,1.551214,-0.201881,1.551214,-0.201881
1.036000,1.549457,-0.204618,1.549457,-0.204618,1.549457,-0.204618
1.038000,1.547666,-0.207189,1.547666,-0.207189,1.547666,-0.207189
1.040000,1.545843,-0.209598,1.545843,-0.209598,1.545843,-0.209598
1.042000,1.543988,-0.211849,1.543988,-0.211849,1.543988,-0.211849
1.044000,1.542105,-0.213945,1.542105,-0.213945,1.542105,-0.213945
1.046000,1.540192,-0.215890,1.540192,-0.215890,1.540192,-0.215890
1.048000,1.538252,-0.217686,1.538252,-0.217686,1.538252,-0.217686
1.050000,1.536286,-0.219338,1.536286,-0.219338,1.536286,-0.219338
1.052000,1.534295,-0.220849,1.534295,-0.220849,1.534295,-0.220849
1.054000,1.532280,-0.222222,1.532280,-0.222222,1.532280,-0.222222
1.056000,1.530242,-0.223460,1.530242,-0.223460,1.530242,-0.223460
1.058000,1.528182,-0.224568,1.528182,-0.224568,1.528182,-0.224568
1.060000,1.526101,-0.225548,1.526101,-0.225548,1.526101,-0.225548
1.062000,1.524001,-0.226403,1.524001,-0.226403,1.524001,-0.226403
1.064000,1.521883,-0.227137,1.521883,-0.227137,1.521883,-0.227137
1.066000,1.519747,-0.227754,1.519747,-0.227754,1.519747,-0.227754
1.068000,1.517595,-0.228255,1.517595,-0.228255,1.517595,-0.228255
1.070000,1.515427,-0.228645,1.515427,-0.228645,1.515427,-0.228645
1.072000,1.513246,-0.228927,1.513246,-0.228927,1.513246,-0.228927
1.074000,1.511051,-0.229103,1.511051,-0.229103,1.511051,-0.229103
1.076000,1.508845,-0.229177,1.508845,-0.229177,1.508845,-0.229177
1.078000,1.506627,-0.229152,1.506627,-0.229152,1.506627,-0.229152
1.080000,1.504399,-0.229031,1.504399,-0.229031,1.504399,-0.229031
1.082000,1.502162,-0.228817,1.502162,-0.228817,1.502162,-0.228817
1.084000,1.499917,-0.228512,1.499917,-0.228512,1.499917,-0.228512
1.086000,1.497666,-0.228121,1.497666,-0.228121,1.497666,-0.228121
1.088000,1.495408,-0.227645,1.495408,-0.227645,1.495408,-0.227645
1.090000,1.493145,-0.227088,1.493145,-0.227088,1.493145,-0.227088
1.092000,1.490877,-0.226453,1.490877,-0.226453,1.490877,-0.226453
1.094000,1.488607,-0.225741,1.488607,-0.225741,1.488607,-0.225741
1.096000,1.486334,-0.224957,1.486334,-0.224957,1.486334,-0.224957
1.098000,1.484060,-0.224102,1.484060,-0.224102,1.484060,-0.224102
1.100000,1.481786,-0.223181,1.481786,-0.223181,1.481786,-0.223181
1.102000,1.479512,-0.222194,1.479512,-0.222194,1.479512,-0.222194
1.104000,1.477239,-0.221145,1.477239,-0.221145,1.477239,-0.221145
1.106000,1.474968,-0.220037,1.474968,-0.220037,1.474968,-0.220037
1.108000,1.472701,-0.218871,1.472701,-0.218871,1.472701,-0.218871
1.110000,1.470437,-0.217652,1.470437,-0.217652,1.470437,-0.217652
1.112000,1.468178,-0.216380,1.468178,-0.216380,1.468178,-0.216380
1.114000,1.465925,-0.215059,1.465925,-0.215059,1.465925,-0.215059
1.116000,1.463678,-0.213691,1.463678,-0.213691,1.463678,-0.213691
1.118000,1.461439,-0.212278,1.461439,-0.212278,1.461439,-0.212278
1.120000,1.459207,-0.210824,1.459207,-0.210824,1.459207,-0.210824
1.122000,1.456984,-0.209329,1.456984,-0.209329,1.456984,-0.209329
1.124000,1.454771,-0.207796,1.454771,-0.207796,1.454771,-0.207796
1.126000,1.452568,-0.206228,1.452568,-0.206228,1.452568,-0.206228
1.128000,1.450376,-0.204627,1.450376,-0.204627,1.450376,-0.204627
1.130000,1.448196,-0.202995,1.448196,-0.202995,1.448196,-0.202995
1.132000,1.446028,-0.201334,1.446028,-0.201334,1.446028,-0.201334
1.134000,1.443874,-0.199647,1.443874,-0.199647,1.443874,-0.199647
1.136000,1.441733,-0.197934,1.441733,-0.197934,1.441733,-0.197934
1.138000,1.439607,-0.196199,1.439607,-0.196199,1.439607,-0.196199
1.140000,1.437496,-0.194443,1.437496,-0.194443,1.437496,-0.194443
1.142000,1.435401,-0.192668,1.435401,-0.192668,1.435401,-0.192668
1.144000,1.433323,-0.190876,1.433323,-0.190876,1.433323,-0.190876
1.146000,1.431262,-0.189068,1.431262,-0.189068,1.431262,-0.189068
1.148000,1.429219,-0.187248,1.429219,-0.187248,1.429219,-0.187248
1.150000,1.427194,-0.185416,1.427194,-0.185416,1.427194,-0.185416
1.152000,1.425188,-0.183574,1.425188,-0.183574,1.425188,-0.183574
1.154000,1.423201,-0.181723,1.423201,-0.181723,1.423201,-0.181723
1.156000,1.421235,-0.179866,1.421235,-0.179866,1.421235,-0.179866
1.158000,1.419289,-0.178004,1.419289,-0.178004,1.419289,-0.178004
1.160000,1.417365,-0.176139,1.417365,-0.176139,1.417365,-0.176139
1.162000,1.415462,-0.174271,1.415462,-0.174271,1.415462,-0.174271
1.164000,1.413582,-0.172403,1.413582,-0.172403,1.413582,-0.172403
1.166000,1.411724,-0.170536,1.411724,-0.170536,1.411724,-0.170536
1.168000,1.409890,-0.168671,1.409890,-0.168671,1.409890,-0.168671
1.170000,1.408079,-0.166809,1.408079,-0.166809,1.408079,-0.166809
1.172000,1.406292,-0.164952,1.406292,-0.164952,1.406292,-0.164952
1.174000,1.404530,-0.163102,1.404530,-0.163102,1.404530,-0.163102
1.176000,1.402793,-0.161258,1.402793,-0.161258,1.402793,-0.161258
1.178000,1.401081,-0.159424,1.401081,-0.159424,1.401081,-0.159424
1.180000,1.399396,-0.157598,1.399396,-0.157598,1.399396,-0.157598
1.182000,1.397736,-0.155784,1.397736,-0.155784,1.397736,-0.155784
1.184000,1.396103,-0.153981,1.396103,-0.153981,1.396103,-0.153981
1.186000,1.394497,-0.152190,1.394497,-0.152190,1.394497,-0.152190
1.188000,1.392919,-0.150413,1.392919,-0.150413,1.392919,-0.150413
1.190000,1.391368,-0.148651,1.391368,-0.148651,1.391368,-0.148651
1.192000,1.389845,-0.146904,1.389845,-0.146904,1.389845,-0.146904
1.194000,1.388350,-0.145173,1.388350,-0.145173,1.388350,-0.145173
1.196000,1.386884,-0.143459,1.386884,-0.143459,1.386884,-0.143459
1.198000,1.385447,-0.141763,1.385447,-0.141763,1.385447,-0.141763
1.200000,1.384038,-0.140086,1.384038,-0.140086,1.384038,-0.140086
1.202000,1.382660,-0.138427,1.382660,-0.138427,1.382660,-0.138427
1.204000,1.381311,-0.136789,1.381311,-0.136789,1.381311,-0.136789
1.206000,1.379992,-0.135170,1.379992,-0.135170,1.379992,-0.135170
1.208000,1.378703,-0.133573,1.378703,-0.133573,1.378703,-0.133573
1.210000,1.377444,-0.131997,1.377444,-0.131997,1.377444,-0.131997
1.212000,1.376216,-0.130443,1.376216,-0.130443,1.376216,-0.130443
1.214000,1.375019,-0.128912,1.375019,-0.128912,1.375019,-0.128912
1.216000,1.373853,-0.127403,1.373853,-0.127403,1.373853,-0.127403
1.218000,1.372718,-0.125918,1.372718,-0.125918,1.372718,-0.125918
1.220000,1.371614,-0.124456,1.371614,-0.124456,1.371614,-0.124456
1.222000,1.370541,-0.123018,1.370541,-0.123018,1.370541,-0.123018
1.224000,1.369501,-0.121605,1.369501,-0.121605,1.369501,-0.121605
1.226000,1.368491,-0.120215,1.368491,-0.120215,1.368491,-0.120215
1.228000,1.367514,-0.118851,1.367514,-0.118851,1.367514,-0.118851
1.230000,1.366568,-0.117512,1.366568,-0.117512,1.366568,-0.117512
1.232000,1.365655,-0.116197,1.365655,-0.116197,1.365655,-0.116197
1.234000,1.364773,-0.114908,1.364773,-0.114908,1.364773,-0.114908
1.236000,1.363924,-0.113645,1.363924,-0.113645,1.363924,-0.113645
1.238000,1.363107,-0.112407,1.363107,-0.112407,1.363107,-0.112407
1.240000,1.362322,-0.111194,1.362322,-0.111194,1.362322,-0.111194
1.242000,1.361570,-0.110007,1.361570,-0.110007,1.361570,-0.110007
1.244000,1.360850,-0.108846,1.360850,-0.108846,1.360850,-0.108846
1.246000,1.360162,-0.107710,1.360162,-0.107710,1.360162,-0.107710
1.248000,1.359507,-0.106600,1.359507,-0.106600,1.359507,-0.106600
1.250000,1.358884,-0.105515,1.358884,-0.105515,1.358884,-0.105515
1.252000,1.358293,-0.104456,1.358293,-0.104456,1.358293,-0.104456
1.254000,1.357735,-0.103423,1.357735,-0.103423,1.357735,-0.103423
1.256000,1.357210,-0.102414,1.357210,-0.102414,1.357210,-0.102414
1.258000,1.356717,-0.101431,1.356717,-0.101431,1.356717,-0.101431
1.260000,1.356256,-0.100472,1.356256,-0.100472,1.356256,-0.100472
1.262000,1.355828,-0.099539,1.355828,-0.099539,1.355828,-0.099539
1.264000,1.355431,-0.098630,1.355431,-0.098630,1.355431,-0.098630
1.266000,1.355068,-0.097745,1.355068,-0.097745,1.355068,-0.097745
1.268000,1.354736,-0.096884,1.354736,-0.096884,1.354736,-0.096884
1.270000,1.354436,-0.096048,1.354436,-0.096048,1.354436,-0.096048
1.272000,1.354169,-0.095235,1.354169,-0.095235,1.354169,-0.095235
1.274000,1.353933,-0.094446,1.353933,-0.094446,1.353933,-0.094446
1.276000,1.353729,-0.093679,1.353729,-0.093679,1.353729,-0.093679
1.278000,1.353558,-0.092936,1.353558,-0.092936,1.353558,-0.092936
1.280000,1.353417,-0.092215,1.353417,-0.092215,1.353417,-0.092215
1.282000,1.353309,-0.091516,1.353309,-0.091516,1.353309,-0.091516
1.284000,1.353232,-0.090838,1.353232,-0.090838,1.353232,-0.090838
1.286000,1.353186,-0.090183,1.353186,-0.090183,1.353186,-0.090183
1.288000,1.353172,-0.089548,1.353172,-0.089548,1.353172,-0.089548
1.290000,1.353188,-0.088935,1.353188,-0.088935,1.353188,-0.088935
1.292000,1.353236,-0.088341,1.353236,-0.088341,1.353236,-0.088341
1.294000,1.353314,-0.087768,1.353314,-0.087768,1.353314,-0.087768
1.296000,1.353424,-0.087214,1.353424,-0.087214,1.353424,-0.087214
1.298000,1.353564,-0.086679,1.353564,-0.086679,1.353564,-0.086679
1.300000,1.353734,-0.086163,1.353734,-0.086163,1.353734,-0.086163
1.302000,1.353934,-0.085665,1.353934,-0.085665,1.353934,-0.085665
1.304000,1.354165,-0.085186,1.354165,-0.085186,1.354165,-0.085186
1.306000,1.354426,-0.084723,1.354426,-0.084723,1.354426,-0.084723
1.308000,1.354716,-0.084278,1.354716,-0.084278,1.354716,-0.084278
1.310000,1.355036,-0.083849,1.355036,-0.083849,1.355036,-0.083849
1.312000,1.355385,-0.083437,1.355385,-0.083437,1.355385,-0.083437
1.314000,1.355764,-0.083040,1.355764,-0.083040,1.355764,-0.083040
1.316000,1.356172,-0.082658,1.356172,-0.082658,1.356172,-0.082658
1.318000,1.356609,-0.082291,1.356609,-0.082291,1.356609,-0.082291
1.320000,1.357074,-0.081939,1.357074,-0.081939,1.357074,-0.081939
1.322000,1.357568,-0.081600,1.357568,-0.081600,1.357568,-0.081600
1.324000,1.358090,-0.081275,1.358090,-0.081275,1.358090,-0.081275
1.326000,1.358640,-0.080962,1.358640,-0.080962,1.358640,-0.080962
1.328000,1.359218,-0.080662,1.359218,-0.080662,1.359218,-0.080662
1.330000,1.359824,-0.080374,1.359824,-0.080374,1.359824,-0.080374
1.332000,1.360458,-0.080097,1.360458,-0.080097,1.360458,-0.080097
1.334000,1.361118,-0.079831,1.361118,-0.079831,1.361118,-0.079831
1.336000,1.361806,-0.079576,1.361806,-0.079576,1.361806,-0.079576
1.338000,1.362520,-0.079330,1.362520,-0.079330,1.362520,-0.079330
1.340000,1.363261,-0.079095,1.363261,-0.079095,1.363261,-0.079095
1.342000,1.364029,-0.078868,1.364029,-0.078868,1.364029,-0.078868
1.344000,1.364823,-0.078650,1.364823,-0.078650,1.364823,-0.078650
1.346000,1.365642,-0.078440,1.365642,-0.078440,1.365642,-0.078440
1.348000,1.366488,-0.078238,1.366488,-0.078238,1.366488,-0.078238
1.350000,1.367359,-0.078043,1.367359,-0.078043,1.367359,-0.078043
1.352000,1.368255,-0.077855,1.368255,-0.077855,1.368255,-0.077855
1.354000,1.369176,-0.077673,1.369176,-0.077673,1.369176,-0.077673
1.356000,1.370122,-0.077497,1.370122,-0.077497,1.370122,-0.077497
1.358000,1.371093,-0.077326,1.371093,-0.077326,1.371093,-0.077326
1.360000,1.372088,-0.077160,1.372088,-0.077160,1.372088,-0.077160
1.362000,1.373107,-0.076999,1.373107,-0.076999,1.373107,-0.076999
1.364000,1.374149,-0.076841,1.374149,-0.076841,1.374149,-0.076841
1.366000,1.375216,-0.076688,1.375216,-0.076688,1.375216,-0.076688
1.368000,1.376306,-0.076537,1.376306,-0.076537,1.376306,-0.076537
1.370000,1.377418,-0.076389,1.377418,-0.076389,1.377418,-0.076389
1.372000,1.378554,-0.076243,1.378554,-0.076243,1.378554,-0.076243
1.374000,1.379712,-0.076100,1.379712,-0.076100,1.379712,-0.076100
1.376000,1.380893,-0.075957,1.380893,-0.075957,1.380893,-0.075957
1.378000,1.382096,-0.075816,1.382096,-0.075816,1.382096,-0.075816
1.380000,1.383321,-0.075675,1.383321,-0.075675,1.383321,-0.075675
1.382000,1.384567,-0.075535,1.384567,-0.075535,1.384567,-0.075535
1.384000,1.385834,-0.075394,1.385834,-0.075394,1.385834,-0.075394
1.386000,1.387123,-0.075253,1.387123,-0.075253,1.387123,-0.075253
1.388000,1.388433,-0.075111,1.388433,-0.075111,1.388433,-0.075111
1.390000,1.389763,-0.074968,1.389763,-0.074968,1.389763,-0.074968
1.392000,1.391113,-0.074823,1.391113,-0.074823,1.391113,-0.074823
1.394000,1.392484,-0.074675,1.392484,-0.074675,1.392484,-0.074675
1.396000,1.393874,-0.074526,1.393874,-0.074526,1.393874,-0.074526
1.398000,1.395284,-0.074374,1.395284,-0.074374,1.395284,-0.074374
1.400000,1.396714,-0.074218,1.396714,-0.074218,1.396714,-0.074218
1.402000,1.398162,-0.074060,1.398162,-0.074060,1.398162,-0.074060
1.404000,1.399629,-0.073897,1.399629,-0.073897,1.399629,-0.073897
1.406000,1.401115,-0.073731,1.401115,-0.073731,1.401115,-0.073731
1.408000,1.402619,-0.073560,1.402619,-0.073560,1.402619,-0.073560
1.410000,1.404141,-0.073384,1.404141,-0.073384,1.404141,-0.073384
1.412000,1.405681,-0.073203,1.405681,-0.073203,1.405681,-0.073203
1.414000,1.407238,-0.073017,1.407238,-0.073017,1.407238,-0.073017
1.416000,1.408813,-0.072826,1.408813,-0.072826,1.408813,-0.072826
1.418000,1.410404,-0.072628,1.410404,-0.072628,1.410404,-0.072628
1.420000,1.412013,-0.072425,1.412013,-0.072425,1.412013,-0.072425
1.422000,1.413637,-0.072215,1.413637,-0.072215,1.413637,-0.072215
1.424000,1.415278,-0.071998,1.415278,-0.071998,1.415278,-0.071998
1.426000,1.416935,-0.071775,1.416935,-0.071775,1.416935,-0.071775
1.428000,1.418608,-0.071544,1.418608,-0.071544,1.418608,-0.071544
1.430000,1.420296,-0.071306,1.420296,-0.071306,1.420296,-0.071306
1.432000,1.421999,-0.071061,1.421999,-0.071061,1.421999,-0.071061
1.434000,1.423718,-0.070808,1.423718,-0.070808,1.423718,-0.070808
1.436000,1.425450,-0.070546,1.425450,-0.070546,1.425450,-0.070546
1.438000,1.427198,-0.070277,1.427198,-0.070277,1.427198,-0.070277
1.440000,1.428959,-0.069999,1.428959,-0.069999,1.428959,-0.069999
1.442000,1.430734,-0.069713,1.430734,-0.069713,1.430734,-0.069713
1.444000,1.432523,-0.069417,1.432523,-0.069417,1.432523,-0.069417
1.446000,1.434326,-0.069113,1.434326,-0.069113,1.434326,-0.069113
1.448000,1.436141,-0.068800,1.436141,-0.068800,1.436141,-0.068800
1.450000,1.437970,-0.068478,1.437970,-0.068478,1.437970,-0.068478
1.452000,1.439811,-0.068146,1.439811,-0.068146,1.439811,-0.068146
1.454000,1.441664,-0.067805,1.441664,-0.067805,1.441664,-0.067805
1.456000,1.443529,-0.067454,1.443529,-0.067454,1.443529,-0.067454
1.458000,1.445407,-0.067093,1.445407,-0.067093,1.445407,-0.067093
1.460000,1.447296,-0.066722,1.447296,-0.066722,1.447296,-0.066722
1.462000,1.449196,-0.066341,1.449196,-0.066341,1.449196,-0.066341
1.464000,1.451107,-0.065951,1.451107,-0.065951,1.451107,-0.065951
1.466000,1.453030,-0.065550,1.453030,-0.065550,1.453030,-0.065550
1.468000,1.454962,-0.065139,1.454962,-0.065139,1.454962,-0.065139
1.470000,1.456906,-0.064717,1.456906,-0.064717,1.456906,-0.064717
1.472000,1.458859,-0.064285,1.458859,-0.064285,1.458859,-0.064285
1.474000,1.460822,-0.063843,1.460822,-0.063843,1.460822,-0.063843
1.476000,1.462795,-0.063390,1.462795,-0.063390,1.462795,-0.063390
1.478000,1.464777,-0.062926,1.464777,-0.062926,1.464777,-0.062926
1.480000,1.466768,-0.062452,1.466768,-0.062452,1.466768,-0.062452
1.482000,1.468768,-0.061967,1.468768,-0.061967,1.468768,-0.061967
1.484000,1.470777,-0.061472,1.470777,-0.061472,1.470777,-0.061472
1.486000,1.472794,-0.060965,1.472794,-0.060965,1.472794,-0.060965
1.488000,1.474819,-0.060448,1.474819,-0.060448,1.474819,-0.060448
1.490000,1.476852,-0.059921,1.476852,-0.059921,1.476852,-0.059921
1.492000,1.478893,-0.059382,1.478893,-0.059382,1.478893,-0.059382
1.494000,1.480941,-0.058833,1.480941,-0.058833,1.480941,-0.058833
1.496000,1.482996,-0.058274,1.482996,-0.058274,1.482996,-0.058274
1.498000,1.485058,-0.057703,1.485058,-0.057703,1.485058,-0.057703
1.500000,1.487127,-0.057122,1.487127,-0.057122,1.487127,-0.057122
1.502000,1.489202,-0.056530,1.489202,-0.056530,1.489202,-0.056530
1.504000,1.491284,-0.055928,1.491284,-0.055928,1.491284,-0.055928
1.506000,1.493371,-0.055315,1.493371,-0.055315,1.493371,-0.055315
1.508000,1.495464,-0.054691,1.495464,-0.054691,1.495464,-0.054691
1.510000,1.497563,-0.054058,1.497563,-0.054058,1.497563,-0.054058
1.512000,1.499667,-0.053413,1.499667,-0.053413,1.499667,-0.053413
1.514000,1.501776,-0.052759,1.501776,-0.052759,1.501776,-0.052759
1.516000,1.503889,-0.052094,1.503889,-0.052094,1.503889,-0.052094
1.518000,1.506007,-0.051419,1.506007,-0.051419,1.506007,-0.051419
1.520000,1.508130,-0.050734,1.508130,-0.050734,1.508130,-0.050734
1.522000,1.510256,-0.050039,1.510256,-0.050039,1.510256,-0.050039
1.524000,1.512387,-0.049334,1.512387,-0.049334,1.512387,-0.049334
1.526000,1.514521,-0.048619,1.514521,-0.048619,1.514521,-0.048619
1.528000,1.516658,-0.047894,1.516658,-0.047894,1.516658,-0.047894
1.530000,1.518798,-0.047160,1.518798,-0.047160,1.518798,-0.047160
1.532000,1.520942,-0.046416,1.520942,-0.046416,1.520942,-0.046416
1.534000,1.523088,-0.045663,1.523088,-0.045663,1.523088,-0.045663
1.536000,1.525236,-0.044901,1.525236,-0.044901,1.525236,-0.044901
1.538000,1.527387,-0.044129,1.527387,-0.044129,1.527387,-0.044129
1.540000,1.529540,-0.043349,1.529540,-0.043349,1.529540,-0.043349
1.542000,1.531694,-0.042559,1.531694,-0.042559,1.531694,-0.042559
1.544000,1.533850,-0.041761,1.533850,-0.041761,1.533850,-0.041761
1.546000,1.536008,-0.040954,1.536008,-0.040954,1.536008,-0.040954
1.548000,1.538166,-0.040139,1.538166,-0.040139,1.538166,-0.040139
1.550000,1.540325,-0.039315,1.540325,-0.039315,1.540325,-0.039315
1.552000,1.542485,-0.038483,1.542485,-0.038483,1.542485,-0.038483
1.554000,1.544646,-0.037643,1.544646,-0.037643,1.544646,-0.037643
1.556000,1.546806,-0.036795,1.546806,-0.036795,1.546806,-0.036795
1.558000,1.548967,-0.035940,1.548967,-0.035940,1.548967,-0.035940
1.560000,1.551127,-0.035076,1.551127,-0.035076,1.551127,-0.035076
1.562000,1.553287,-0.034206,1.553287,-0.034206,1.553287,-0.034206
1.564000,1.555446,-0.033328,1.555446,-0.033328,1.555446,-0.033328
1.566000,1.557605,-0.032443,1.557605,-0.032443,1.557605,-0.032443
1.568000,1.559762,-0.031551,1.559762,-0.031551,1.559762,-0.031551
1.570000,1.561918,-0.030652,1.561918,-0.030652,1.561918,-0.030652
1.572000,1.564072,-0.029746,1.564072,-0.029746,1.564072,-0.029746
1.574000,1.566225,-0.028835,1.566225,-0.028835,1.566225,-0.028835
1.576000,1.568375,-0.027917,1.568375,-0.027917,1.568375,-0.027917
1.578000,1.570524,-0.026992,1.570524,-0.026992,1.570524,-0.026992
1.580000,1.572670,-0.026062,1.572670,-0.026062,1.572670,-0.026062
1.582000,1.574377,-0.023919,1.574377,-0.023919,1.574377,-0.023919
1.584000,1.575714,-0.020767,1.575714,-0.020767,1.575714,-0.020767
1.586000,1.576741,-0.016779,1.576741,-0.016779,1.576741,-0.016779
1.588000,1.577509,-0.012104,1.577509,-0.012104,1.577509,-0.012104
1.590000,1.578062,-0.006869,1.578062,-0.006869,1.578062,-0.006869
1.592000,1.578436,-0.001182,1.578436,-0.001182,1.578436,-0.001182
1.594000,1.578664,0.004865,1.578664,0.004865,1.578664,0.004865
1.596000,1.578771,0.011193,1.578771,0.011193,1.578771,0.011193
1.598000,1.578781,0.017737,1.578781,0.017737,1.578781,0.017737
1.600000,1.578712,0.024441,1.578712,0.024441,1.578712,0.024441
1.602000,1.578581,0.031256,1.578581,0.031256,1.578581,0.031256
1.604000,1.578401,0.038143,1.578401,0.038143,1.578401,0.038143
1.606000,1.578184,0.045068,1.578184,0.045068,1.578184,0.045068
1.608000,1.577939,0.052004,1.577939,0.052004,1.577939,0.052004
1.610000,1.577674,0.058926,1.577674,0.058926,1.577674,0.058926
1.612000,1.577396,0.065815,1.577396,0.065815,1.577396,0.065815
1.614000,1.577110,0.072656,1.577110,0.072656,1.577110,0.072656
1.616000,1.576820,0.079434,1.576820,0.079434,1.576820,0.079434
1.618000,1.576530,0.086139,1.576530,0.086139,1.576530,0.086139
1.620000,1.576243,0.092762,1.576243,0.092762,1.576243,0.092762
1.622000,1.575961,0.099295,1.575961,0.099295,1.575961,0.099295
1.624000,1.575686,0.105735,1.575686,0.105735,1.575686,0.105735
1.626000,1.575420,0.112075,1.575420,0.112075,1.575420,0.112075
1.628000,1.575162,0.118313,1.575162,0.118313,1.575162,0.118313
1.630000,1.574915,0.124446,1.574915,0.124446,1.574915,0.124446
1.632000,1.574678,0.130472,1.574678,0.130472,1.574678,0.130472
1.634000,1.574451,0.136390,1.574451,0.136390,1.574451,0.136390
1.636000,1.574236,0.142200,1.574236,0.142200,1.574236,0.142200
1.638000,1.574031,0.147900,1.574031,0.147900,1.574031,0.147900
1.640000,1.573837,0.153491,1.573837,0.153491,1.573837,0.153491
1.642000,1.573653,0.158973,1.573653,0.158973,1.573653,0.158973
1.644000,1.573480,0.164347,1.573480,0.164347,1.573480,0.164347
1.646000,1.573317,0.169612,1.573317,0.169612,1.573317,0.169612
1.648000,1.573163,0.174770,1.573163,0.174770,1.573163,0.174770
1.650000,1.573018,0.179822,1.573018,0.179822,1.573018,0.179822
1.652000,1.572882,0.184767,1.572882,0.184767,1.572882,0.184767
1.654000,1.572755,0.189607,1.572755,0.189607,1.572755,0.189607
1.656000,1.572636,0.194344,1.572636,0.194344,1.572636,0.194344
1.658000,1.572524,0.198977,1.572524,0.198977,1.572524,0.198977
1.660000,1.572419,0.203508,1.572419,0.203508,1.572419,0.203508
1.662000,1.572321,0.207937,1.572321,0.207937,1.572321,0.207937
1.664000,1.572230,0.212266,1.572230,0.212266,1.572230,0.212266
1.666000,1.572144,0.216495,1.572144,0.216495,1.572144,0.216495
1.668000,1.572065,0.220625,1.572065,0.220625,1.572065,0.220625
1.670000,1.571990,0.224657,1.571990,0.224657,1.571990,0.224657
1.672000,1.571921,0.228591,1.571921,0.228591,1.571921,0.228591
1.674000,1.571856,0.232429,1.571856,0.232429,1.571856,0.232429
1.676000,1.571796,0.236172,1.571796,0.236172,1.571796,0.236172
1.678000,1.571740,0.239819,1.571740,0.239819,1.571740,0.239819
1.680000,1.571688,0.243372,1.571688,0.243372,1.571688,0.243372
1.682000,1.571639,0.246830,1.571639,0.246830,1.571639,0.246830
1.684000,1.571594,0.250195,1.571594,0.250195,1.571594,0.250195
1.686000,1.571552,0.253468,1.571552,0.253468,1.571552,0.253468
1.688000,1.571513,0.256647,1.571513,0.256647,1.571513,0.256647
1.690000,1.571478,0.259734,1.571478,0.259734,1.571478,0.259734
1.692000,1.571445,0.262729,1.571445,0.262729,1.571445,0.262729
1.694000,1.571415,0.265633,1.571415,0.265633,1.571415,0.265633
1.696000,1.571387,0.268447,1.571387,0.268447,1.571387,0.268447
1.698000,1.571362,0.271169,1.571362,0.271169,1.571362,0.271169
1.700000,1.571340,0.273802,1.571340,0.273802,1.571340,0.273802
1.702000,1.571319,0.276345,1.571319,0.276345,1.571319,0.276345
1.704000,1.571301,0.278800,1.571301,0.278800,1.571301,0.278800
1.706000,1.571284,0.281166,1.571284,0.281166,1.571284,0.281166
1.708000,1.571269,0.283444,1.571269,0.283444,1.571269,0.283444
1.710000,1.571256,0.285635,1.571256,0.285635,1.571256,0.285635
1.712000,1.571244,0.287740,1.571244,0.287740,1.571244,0.287740
1.714000,1.571234,0.289758,1.571234,0.289758,1.571234,0.289758
1.716000,1.571225,0.291692,1.571225,0.291692,1.571225,0.291692
1.718000,1.571216,0.293540,1.571216,0.293540,1.571216,0.293540
1.720000,1.571209,0.295304,1.571209,0.295304,1.571209,0.295304
1.722000,1.571202,0.296985,1.571202,0.296985,1.571202,0.296985
1.724000,1.571197,0.298582,1.571197,0.298582,1.571197,0.298582
1.726000,1.571192,0.300097,1.571192,0.300097,1.571192,0.300097
1.728000,1.571187,0.301529,1.571187,0.301529,1.571187,0.301529
1.730000,1.571183,0.302881,1.571183,0.302881,1.571183,0.302881
1.732000,1.571179,0.304151,1.571179,0.304151,1.571179,0.304151
1.734000,1.571176,0.305341,1.571176,0.305341,1.571176,0.305341
1.736000,1.571173,0.306450,1.571173,0.306450,1.571173,0.306450
1.738000,1.571170,0.307481,1.571170,0.307481,1.571170,0.307481
1.740000,1.571167,0.308432,1.571167,0.308432,1.571167,0.308432
1.742000,1.571165,0.309305,1.571165,0.309305,1.571165,0.309305
1.744000,1.571162,0.310101,1.571162,0.310101,1.571162,0.310101
1.746000,1.571160,0.310819,1.571160,0.310819,1.571160,0.310819
1.748000,1.571158,0.311460,1.571158,0.311460,1.571158,0.311460
1.750000,1.571156,0.312024,1.571156,0.312024,1.571156,0.312024
1.752000,1.571154,0.312513,1.571154,0.312513,1.571154,0.312513
1.754000,1.571152,0.312927,1.571152,0.312927,1.571152,0.312927
1.756000,1.571150,0.313266,1.571150,0.313266,1.571150,0.313266
1.758000,1.571148,0.313530,1.571148,0.313530,1.571148,0.313530
1.760000,1.571146,0.313721,1.571146,0.313721,1.571146,0.313721
1.762000,1.571144,0.313839,1.571144,0.313839,1.571144,0.313839
1.764000,1.571141,0.313885,1.571141,0.313885,1.571141,0.313885
1.766000,1.571139,0.313858,1.571139,0.313858,1.571139,0.313858
1.768000,1.571137,0.313761,1.571137,0.313761,1.571137,0.313761
1.770000,1.571135,0.313592,1.571135,0.313592,1.571135,0.313592
1.772000,1.571133,0.313353,1.571133,0.313353,1.571133,0.313353
1.774000,1.571130,0.313045,1.571130,0.313045,1.571130,0.313045
1.776000,1.571128,0.312668,1.571128,0.312668,1.571128,0.312668
1.778000,1.571126,0.312222,1.571126,0.312222,1.571126,0.312222
1.780000,1.571123,0.311709,1.571123,0.311709,1.571123,0.311709
1.782000,1.571121,0.311129,1.571121,0.311129,1.571121,0.311129
1.784000,1.571118,0.310483,1.571118,0.310483,1.571118,0.310483
1.786000,1.571116,0.309770,1.571116,0.309770,1.571116,0.309770
1.788000,1.571113,0.308993,1.571113,0.308993,1.571113,0.308993
1.790000,1.571110,0.308152,1.571110,0.308152,1.571110,0.308152
1.792000,1.571108,0.307247,1.571108,0.307247,1.571108,0.307247
1.794000,1.571105,0.306278,1.571105,0.306278,1.571105,0.306278
1.796000,1.571102,0.305248,1.571102,0.305248,1.571102,0.305248
1.798000,1.571099,0.304156,1.571099,0.304156,1.571099,0.304156
1.800000,1.571097,0.303004,1.571097,0.303004,1.571097,0.303004
1.802000,1.571094,0.301791,1.571094,0.301791,1.571094,0.301791
1.804000,1.571091,0.300519,1.571091,0.300519,1.571091,0.300519
1.806000,1.571088,0.299188,1.571088,0.299188,1.571088,0.299188
1.808000,1.571085,0.297800,1.571085,0.297800,1.571085,0.297800
1.810000,1.571082,0.296354,1.571082,0.296354,1.571082,0.296354
1.812000,1.571079,0.294852,1.571079,0.294852,1.571079,0.294852
1.814000,1.571075,0.293295,1.571075,0.293295,1.571075,0.293295
1.816000,1.571072,0.291683,1.571072,0.291683,1.571072,0.291683
1.818000,1.571069,0.290017,1.571069,0.290017,1.571069,0.290017
1.820000,1.571066,0.288298,1.571066,0.288298,1.571066,0.288298
1.822000,1.571063,0.286527,1.571063,0.286527,1.571063,0.286527
1.824000,1.571059,0.284704,1.571059,0.284704,1.571059,0.284704
1.826000,1.571056,0.282830,1.571056,0.282830,1.571056,0.282830
1.828000,1.571053,0.280906,1.571053,0.280906,1.571053,0.280906
1.830000,1.571049,0.278933,1.571049,0.278933,1.571049,0.278933
1.832000,1.571046,0.276913,1.571046,0.276913,1.571046,0.276913
1.834000,1.571042,0.274844,1.571042,0.274844,1.571042,0.274844
1.836000,1.571039,0.272729,1.571039,0.272729,1.571039,0.272729
1.838000,1.571035,0.270568,1.571035,0.270568,1.571035,0.270568
1.840000,1.571032,0.268363,1.571032,0.268363,1.571032,0.268363
1.842000,1.571028,0.266113,1.571028,0.266113,1.571028,0.266113
1.844000,1.571025,0.263820,1.571025,0.263820,1.571025,0.263820
1.846000,1.571021,0.261484,1.571021,0.261484,1.571021,0.261484
1.848000,1.571017,0.259108,1.571017,0.259108,1.571017,0.259108
1.850000,1.571014,0.256690,1.571014,0.256690,1.571014,0.256690
1.852000,1.571010,0.254233,1.571010,0.254233,1.571010,0.254233
1.854000,1.571006,0.251737,1.571006,0.251737,1.571006,0.251737
1.856000,1.571002,0.249202,1.571002,0.249202,1.571002,0.249202
1.858000,1.570999,0.246631,1.570999,0.246631,1.570999,0.246631
1.860000,1.570995,0.244023,1.570995,0.244023,1.570995,0.244023
1.862000,1.570991,0.241380,1.570991,0.241380,1.570991,0.241380
1.864000,1.570987,0.238702,1.570987,0.238702,1.570987,0.238702
1.866000,1.570983,0.235991,1.570983,0.235991,1.570983,0.235991
1.868000,1.570979,0.233246,1.570979,0.233246,1.570979,0.233246
1.870000,1.570975,0.230470,1.570975,0.230470,1.570975,0.230470
1.872000,1.570971,0.227663,1.570971,0.227663,1.570971,0.227663
1.874000,1.570967,0.224826,1.570967,0.224826,1.570967,0.224826
1.876000,1.570963,0.221959,1.570963,0.221959,1.570963,0.221959
1.878000,1.570959,0.219064,1.570959,0.219064,1.570959,0.219064
1.880000,1.570955,0.216141,1.570955,0.216141,1.570955,0.216141
1.882000,1.570951,0.213192,1.570951,0.213192,1.570951,0.213192
1.884000,1.570947,0.210216,1.570947,0.210216,1.570947,0.210216
1.886000,1.570942,0.207216,1.570942,0.207216,1.570942,0.207216
1.888000,1.570938,0.204192,1.570938,0.204192,1.570938,0.204192
1.890000,1.570934,0.201145,1.570934,0.201145,1.570934,0.201145
1.892000,1.570930,0.198075,1.570930,0.198075,1.570930,0.198075
1.894000,1.570925,0.194984,1.570925,0.194984,1.570925,0.194984
1.896000,1.570921,0.191873,1.570921,0.191873,1.570921,0.191873
1.898000,1.570917,0.188742,1.570917,0.188742,1.570917,0.188742
1.900000,1.570913,0.185592,1.570913,0.185592,1.570913,0.185592
1.902000,1.570908,0.182424,1.570908,0.182424,1.570908,0.182424
1.904000,1.570904,0.179239,1.570904,0.179239,1.570904,0.179239
1.906000,1.570899,0.176037,1.570899,0.176037,1.570899,0.176037
1.908000,1.570895,0.172821,1.570895,0.172821,1.570895,0.172821
1.910000,1.570891,0.169590,1.570891,0.169590,1.570891,0.169590
1.912000,1.570886,0.166345,1.570886,0.166345,1.570886,0.166345
1.914000,1.570882,0.163087,1.570882,0.163087,1.570882,0.163087
1.916000,1.570877,0.159819,1.570877,0.159819,1.570877,0.159819
1.918000,1.570871,0.156542,1.570871,0.156542,1.570871,0.156542
1.920000,1.570864,0.153259,1.570864,0.153259,1.570864,0.153259
1.922000,1.570855,0.149971,1.570855,0.149971,1.570855,0.149971
1.924000,1.570844,0.146679,1.570844,0.146679,1.570844,0.146679
1.926000,1.570830,0.143387,1.570830,0.143387,1.570830,0.143387
1.928000,1.570814,0.140096,1.570814,0.140096,1.570814,0.140096
1.930000,1.570794,0.136807,1.570794,0.136807,1.570794,0.136807
1.932000,1.570770,0.133523,1.570770,0.133523,1.570770,0.133523
1.934000,1.570743,0.130245,1.570743,0.130245,1.570743,0.130245
1.936000,1.570711,0.126974,1.570711,0.126974,1.570711,0.126974
1.938000,1.570674,0.123712,1.570674,0.123712,1.570674,0.123712
1.940000,1.570633,0.120462,1.570633,0.120462,1.570633,0.120462
1.942000,1.570586,0.117223,1.570586,0.117223,1.570586,0.117223
1.944000,1.570534,0.113999,1.570534,0.113999,1.570534,0.113999
1.946000,1.570476,0.110789,1.570476,0.110789,1.570476,0.110789
1.948000,1.570411,0.107597,1.570411,0.107597,1.570411,0.107597
1.950000,1.570341,0.104422,1.570341,0.104422,1.570341,0.104422
1.952000,1.570263,0.101266,1.570263,0.101266,1.570263,0.101266
1.954000,1.570179,0.098131,1.570179,0.098131,1.570179,0.098131
1.956000,1.570088,0.095018,1.570088,0.095018,1.570088,0.095018
1.958000,1.569989,0.091927,1.569989,0.091927,1.569989,0.091927
1.960000,1.569883,0.088861,1.569883,0.088861,1.569883,0.088861
1.962000,1.569769,0.085820,1.569769,0.085820,1.569769,0.085820
1.964000,1.569647,0.082804,1.569647,0.082804,1.569647,0.082804
1.966000,1.569517,0.079816,1.569517,0.079816,1.569517,0.079816
1.968000,1.569379,0.076856,1.569379,0.076856,1.569379,0.076856
1.970000,1.569233,0.073924,1.569233,0.073924,1.569233,0.073924
1.972000,1.569078,0.071023,1.569078,0.071023,1.569078,0.071023
1.974000,1.568914,0.068152,1.568914,0.068152,1.568914,0.068152
1.976000,1.568742,0.065313,1.568742,0.065313,1.568742,0.065313
1.978000,1.568561,0.062505,1.568561,0.062505,1.568561,0.062505
1.980000,1.568371,0.059731,1.568371,0.059731,1.568371,0.059731
1.982000,1.568171,0.056990,1.568171,0.056990,1.568171,0.056990
1.984000,1.567963,0.054283,1.567963,0.054283,1.567963,0.054283
1.986000,1.567746,0.051611,1.567746,0.051611,1.567746,0.051611
1.988000,1.567519,0.048975,1.567519,0.048975,1.567519,0.048975
1.990000,1.567283,0.046374,1.567283,0.046374,1.567283,0.046374
1.992000,1.567038,0.043809,1.567038,0.043809,1.567038,0.043809
1.994000,1.566783,0.041281,1.566783,0.041281,1.566783,0.041281
1.996000,1.566519,0.038790,1.566519,0.038790,1.566519,0.038790
1.998000,1.566246,0.036337,1.566246,0.036337,1.566246,0.036337
2.000000,1.565963,0.033921,1.565963,0.033921,1.565963,0.033921
