exp,case,M_eff,wn,zeta,rise,overshoot_pct,overshoot_theory,settle_2pct,ess,ess_theory,fmax
kp,kp=20,0.14182,11.87540,0.31173,0.12200,34.67445,35.67629,0.99800,0.18952,0.17433,13.23707
kp,kp=50,0.14182,18.77665,0.19715,0.07000,51.23575,53.16444,1.10600,0.07243,0.06973,29.63307
kp,kp=100,0.14182,26.55419,0.13941,0.05000,60.73924,64.25653,1.03400,0.03552,0.03487,40.00000
kv,kv=0,0.14182,18.77665,0.00939,0.06200,107.91162,97.09352,nan,0.11059,0.06973,32.39752
kv,kv=1,0.14182,18.77665,0.19715,0.07000,51.23575,53.16444,1.10600,0.07243,0.06973,29.63307
kv,kv=5,0.14182,18.77665,0.94822,0.17000,0.00608,0.00845,0.28200,0.07239,0.06973,28.95887
armature,armature=0,0.14182,18.77665,0.19715,0.07000,51.23575,53.16444,1.10600,0.07243,0.06973,29.63307
armature,armature=0.05,0.19182,16.14505,0.16952,0.07600,54.99481,58.25188,1.47400,0.07231,0.06973,29.06967
armature,armature=0.15,0.29182,13.08966,0.13744,0.08800,61.85286,64.66682,2.09000,0.07016,0.06973,27.37682
